clip_name,split,face_emotion,face_confidence,face_vector,voice_emotion,voice_confidence,voice_vector,text_emotion,text_confidence,text_vector,mas_face_voice,mas_face_text,mas_voice_text,incongruent,conflicting_pairs,dominant_modality,meld_emotion,meld_sentiment,utterance,speaker,dialogue_id,utterance_id
dia253_utt5,train,sadness,0.8044,"[0.0001, 0.0, 0.1858, 0.0, 0.0096, 0.8044, 0.0]",neutral,0.522,"[0.3037, 0.0, 0.0, 0.1737, 0.522, 0.0006, 0.0]",neutral,0.756,"[0.0133, 0.0564, 0.0048, 0.1416, 0.756, 0.0168, 0.0112]",0.0107,0.0341,0.8729,True,['face-text'],face,joy,positive,I don't allow porn at home so    this is like a vacation for him.,Janice,253,5
dia38_utt1,test,joy,0.3144,"[0.2177, 0.0, 0.0033, 0.3144, 0.2364, 0.2017, 0.0265]",joy,0.9138,"[0.0013, 0.0, 0.0, 0.9138, 0.0009, 0.084, 0.0]",joy,0.9037,"[0.0077, 0.0137, 0.001, 0.9037, 0.041, 0.0034, 0.0295]",0.6729,0.6648,0.9945,False,[],voice,joy,positive,"Awww, one of my students got an audition. I’m so proud.",Joey,38,1
dia422_utt6,train,anger,0.7368,"[0.7368, 0.0001, 0.213, 0.0006, 0.0006, 0.0222, 0.0267]",joy,0.9343,"[0.0, 0.0, 0.0, 0.9343, 0.0656, 0.0001, 0.0]",surprise,0.9696,"[0.0114, 0.0056, 0.0021, 0.0022, 0.0071, 0.0019, 0.9696]",0.0008,0.0468,0.0028,True,"['face-voice', 'face-text', 'voice-text']",text,surprise,positive,Really?,Chandler,422,6
dia95_utt7,train,sadness,0.721,"[0.0202, 0.0, 0.1679, 0.0, 0.0908, 0.721, 0.0]",anger,0.9768,"[0.9768, 0.0, 0.0, 0.0143, 0.0088, 0.0001, 0.0]",surprise,0.7185,"[0.1402, 0.055, 0.0131, 0.0047, 0.0609, 0.0076, 0.7185]",0.0283,0.0292,0.1911,True,"['face-voice', 'face-text', 'voice-text']",voice,surprise,negative,What are you talking about?!,Rachel,95,7
dia766_utt1,train,joy,0.6942,"[0.1218, 0.0, 0.0151, 0.6942, 0.066, 0.1023, 0.0005]",joy,0.8906,"[0.0429, 0.0, 0.0, 0.8906, 0.0391, 0.0274, 0.0]",joy,0.9661,"[0.0026, 0.0016, 0.0004, 0.9661, 0.0167, 0.0014, 0.0111]",0.9845,0.9724,0.9981,False,[],text,joy,positive,That’s great. Good for you guys.,Phoebe,766,1
dia837_utt0,train,neutral,0.4917,"[0.1536, 0.0, 0.0121, 0.0002, 0.4917, 0.3423, 0.0]",joy,0.9938,"[0.0, 0.0, 0.0, 0.9938, 0.0057, 0.0005, 0.0]",surprise,0.7368,"[0.0323, 0.0072, 0.0096, 0.0039, 0.2048, 0.0054, 0.7368]",0.0052,0.2273,0.0066,True,['voice-text'],voice,neutral,neutral,Who is it?,Ursula,837,0
dia254_utt7,train,joy,0.9962,"[0.0, 0.0, 0.0037, 0.9962, 0.0, 0.0, 0.0001]",anger,0.9718,"[0.9718, 0.0, 0.0, 0.0254, 0.0025, 0.0003, 0.0]",anger,0.7537,"[0.7537, 0.0821, 0.0519, 0.0201, 0.0481, 0.0178, 0.0263]",0.0261,0.0267,0.9891,True,"['face-voice', 'face-text']",face,neutral,neutral,Phoebe come here,Monica,254,7
dia263_utt7,train,sadness,0.5734,"[0.0389, 0.0, 0.0032, 0.0212, 0.3633, 0.5734, 0.0]",anger,0.4848,"[0.4848, 0.0, 0.0, 0.1242, 0.3906, 0.0004, 0.0]",disgust,0.4575,"[0.0401, 0.4575, 0.0249, 0.0061, 0.2069, 0.2441, 0.0203]",0.3789,0.5687,0.2841,False,[],face,disgust,negative,Well you should be embarrassed.,Monica,263,7
dia859_utt0,train,sadness,0.9345,"[0.0159, 0.0001, 0.0481, 0.0, 0.0014, 0.9345, 0.0001]",joy,0.7389,"[0.0688, 0.0, 0.0, 0.7389, 0.0326, 0.1596, 0.0]",surprise,0.8267,"[0.0492, 0.0185, 0.0094, 0.0249, 0.0427, 0.0286, 0.8267]",0.2114,0.0362,0.044,True,"['face-voice', 'face-text', 'voice-text']",face,surprise,positive,"Ursula!  Wait! Err-err, it’s me! Phoebe!",Phoebe,859,0
dia501_utt7,train,neutral,0.5738,"[0.0267, 0.0, 0.0051, 0.0, 0.5738, 0.3945, 0.0]",joy,0.5485,"[0.3617, 0.0, 0.0, 0.5485, 0.0835, 0.0063, 0.0]",neutral,0.3922,"[0.0319, 0.1612, 0.0267, 0.0067, 0.3922, 0.1805, 0.2008]",0.1302,0.8455,0.147,False,[],face,neutral,neutral,Oh.,Rachel,501,7
dia155_utt6,test,sadness,0.801,"[0.0023, 0.0001, 0.1965, 0.0, 0.0001, 0.801, 0.0]",neutral,0.9924,"[0.0006, 0.0, 0.0, 0.0069, 0.9924, 0.0001, 0.0]",anger,0.4355,"[0.4355, 0.2222, 0.0425, 0.0114, 0.2615, 0.0251, 0.0018]",0.0003,0.0642,0.4703,True,['face-voice'],voice,neutral,neutral,"Fine, you’re right.",Ross,155,6
dia561_utt10,train,neutral,0.988,"[0.0029, 0.0, 0.0001, 0.0024, 0.988, 0.0067, 0.0]",anger,0.7296,"[0.7296, 0.0, 0.0, 0.0523, 0.0269, 0.1912, 0.0]",surprise,0.4161,"[0.1436, 0.3591, 0.0312, 0.0089, 0.0195, 0.0217, 0.4161]",0.0403,0.0352,0.255,True,['face-voice'],face,neutral,neutral,"Well, who's to say what's true? I mean...",Joey,561,10
dia262_utt15,test,neutral,0.939,"[0.0, 0.0, 0.01, 0.0018, 0.939, 0.0005, 0.0487]",neutral,0.7878,"[0.0156, 0.0, 0.0, 0.1965, 0.7878, 0.0001, 0.0]",joy,0.4592,"[0.0304, 0.0191, 0.009, 0.4592, 0.4063, 0.0388, 0.0372]",0.9692,0.6627,0.8204,False,[],face,joy,positive,I bought a restaurant and I would like you to be the head chef.,Pete,262,15
dia610_utt6,train,surprise,0.3621,"[0.1328, 0.0, 0.1912, 0.0012, 0.0309, 0.2818, 0.3621]",joy,0.7637,"[0.1615, 0.0, 0.0, 0.7637, 0.0506, 0.0242, 0.0]",disgust,0.7787,"[0.0331, 0.7787, 0.0454, 0.0055, 0.0913, 0.036, 0.0099]",0.0762,0.0731,0.0244,True,['voice-text'],text,joy,positive,I'd better not found you naked in my hotel room!,Ross,610,6
dia2_utt4,train,anger,0.7125,"[0.7125, 0.0, 0.0033, 0.0, 0.0557, 0.2284, 0.0]",joy,0.9984,"[0.0015, 0.0, 0.0, 0.9984, 0.0, 0.0, 0.0]",anger,0.6438,"[0.6438, 0.2255, 0.0185, 0.0074, 0.0155, 0.0223, 0.0671]",0.0014,0.9026,0.0122,True,"['face-voice', 'voice-text']",voice,surprise,negative,No way!,Chandler,2,4
dia67_utt8,dev,sadness,0.9828,"[0.0004, 0.0, 0.0135, 0.0, 0.0033, 0.9828, 0.0]",joy,0.4961,"[0.002, 0.0, 0.0, 0.4961, 0.3897, 0.1122, 0.0]",disgust,0.9273,"[0.012, 0.9273, 0.0176, 0.0015, 0.0203, 0.0066, 0.0147]",0.1771,0.0075,0.0158,True,['face-text'],face,neutral,neutral,Does Ralph mumble when you’re not paying attention?,Monica,67,8
dia469_utt1,train,neutral,0.9998,"[0.0, 0.0, 0.0, 0.0001, 0.9998, 0.0001, 0.0]",anger,0.497,"[0.497, 0.0, 0.0, 0.4281, 0.0645, 0.0105, 0.0]",neutral,0.4947,"[0.0235, 0.1882, 0.0765, 0.0043, 0.4947, 0.1201, 0.0928]",0.0979,0.8891,0.1272,False,[],face,joy,positive,"Julie’s cervix is dilated a seven centimeters, that’s about four fingers. The doctor let me feel it myself.",Marc,469,1
dia130_utt9,train,fear,0.6862,"[0.0, 0.0, 0.6862, 0.0, 0.0502, 0.2636, 0.0]",neutral,0.9106,"[0.008, 0.0, 0.0, 0.0796, 0.9106, 0.0017, 0.0]",joy,0.4837,"[0.054, 0.1217, 0.0162, 0.4837, 0.2016, 0.077, 0.0458]",0.0685,0.1028,0.4443,True,['face-voice'],voice,disgust,negative,"Huh, Rach I got to say it’s gonna take a lot of money for me to go out on a date with a dude.",Joey,130,9
dia69_utt2,test,fear,0.7627,"[0.0069, 0.0, 0.7627, 0.0, 0.0033, 0.227, 0.0]",joy,0.7341,"[0.0004, 0.0, 0.0, 0.7341, 0.2625, 0.003, 0.0]",surprise,0.716,"[0.0424, 0.0385, 0.0094, 0.0033, 0.1705, 0.0199, 0.716]",0.0025,0.0213,0.0821,True,"['face-voice', 'face-text', 'voice-text']",face,neutral,neutral,Who's he sleeping with?,Chandler,69,2
dia1009_utt1,train,surprise,0.5653,"[0.0014, 0.0, 0.4108, 0.0222, 0.0003, 0.0, 0.5653]",anger,0.825,"[0.825, 0.0, 0.0, 0.0708, 0.0793, 0.0249, 0.0]",neutral,0.7642,"[0.0651, 0.0973, 0.0181, 0.0042, 0.7642, 0.0403, 0.0107]",0.0047,0.0256,0.1794,True,['voice-text'],voice,neutral,neutral,"No, you were right. I don't have a plan.",Monica,1009,1
dia763_utt0,train,sadness,0.7966,"[0.0047, 0.0001, 0.1983, 0.0002, 0.0001, 0.7966, 0.0]",neutral,0.7208,"[0.017, 0.0, 0.0, 0.2623, 0.7208, 0.0, 0.0]",neutral,0.8689,"[0.0058, 0.0063, 0.0044, 0.0531, 0.8689, 0.0151, 0.0463]",0.0003,0.0183,0.9572,True,"['face-voice', 'face-text']",text,neutral,neutral,Hi.,Chandler,763,0
dia455_utt13,train,sadness,0.6413,"[0.0081, 0.0, 0.3475, 0.0, 0.0024, 0.6413, 0.0007]",joy,0.9641,"[0.0, 0.0, 0.0, 0.9641, 0.0037, 0.0322, 0.0]",joy,0.764,"[0.0069, 0.0132, 0.0028, 0.764, 0.1786, 0.017, 0.0174]",0.0293,0.0217,0.9741,True,"['face-voice', 'face-text']",voice,joy,positive,"Yeah, that'd be great. I'd love it.",Rachel,455,13
dia250_utt5,test,neutral,0.5357,"[0.4317, 0.0, 0.0007, 0.0034, 0.5357, 0.0284, 0.0]",neutral,0.7817,"[0.0001, 0.0, 0.0, 0.2158, 0.7817, 0.0023, 0.0]",disgust,0.8319,"[0.0496, 0.8319, 0.0226, 0.0012, 0.0115, 0.0095, 0.0739]",0.7515,0.0483,0.0137,True,['voice-text'],text,surprise,negative,"Wow, that was kinda brutal.",Joey,250,5
dia642_utt1,train,sadness,0.5674,"[0.2658, 0.0, 0.0687, 0.0558, 0.0422, 0.5674, 0.0001]",joy,0.9618,"[0.0104, 0.0, 0.0, 0.9618, 0.0002, 0.0275, 0.0]",anger,0.6207,"[0.6207, 0.1184, 0.0266, 0.0489, 0.0346, 0.0245, 0.1263]",0.1181,0.4498,0.0869,True,['voice-text'],voice,surprise,positive,I do?,Chandler,642,1
dia789_utt3,train,joy,0.4794,"[0.2362, 0.0, 0.0001, 0.4794, 0.1245, 0.1599, 0.0]",neutral,0.6665,"[0.0167, 0.0, 0.0, 0.2232, 0.6665, 0.0936, 0.0]",disgust,0.3386,"[0.1862, 0.3386, 0.0739, 0.0158, 0.2947, 0.0774, 0.0132]",0.5152,0.3536,0.5953,False,[],voice,fear,negative,"Uhh, look Katie, uh listen, we-we need to talk.",Joey,789,3
dia208_utt10,train,fear,0.8076,"[0.0005, 0.0, 0.8076, 0.0001, 0.0001, 0.1915, 0.0001]",joy,0.9974,"[0.0, 0.0, 0.0, 0.9974, 0.0023, 0.0003, 0.0]",joy,0.8559,"[0.009, 0.0112, 0.0034, 0.8559, 0.0858, 0.0078, 0.0269]",0.0002,0.0061,0.9946,True,"['face-voice', 'face-text']",voice,surprise,positive,"Oh, great!",Rachel,208,10
dia975_utt4,train,fear,0.5569,"[0.0, 0.0, 0.5569, 0.0001, 0.274, 0.169, 0.0]",neutral,0.8395,"[0.0, 0.0, 0.0, 0.1605, 0.8395, 0.0, 0.0]",joy,0.7046,"[0.0723, 0.0077, 0.0027, 0.7046, 0.0624, 0.0114, 0.139]",0.4184,0.0442,0.2672,True,['voice-text'],voice,neutral,neutral,Hey?,Ross,975,4
dia809_utt6,train,fear,0.5808,"[0.2195, 0.0009, 0.5808, 0.0893, 0.0209, 0.0047, 0.0838]",joy,0.6659,"[0.0, 0.0, 0.0, 0.6659, 0.3323, 0.0018, 0.0]",surprise,0.6293,"[0.0299, 0.0301, 0.0031, 0.0202, 0.2784, 0.009, 0.6293]",0.141,0.1575,0.2065,True,['voice-text'],voice,joy,positive,Whoo-ho-ho!,Joey,809,6
dia950_utt15,train,sadness,0.8319,"[0.1517, 0.0, 0.0098, 0.0062, 0.0005, 0.8319, 0.0]",joy,0.9875,"[0.006, 0.0, 0.0, 0.9875, 0.0063, 0.0003, 0.0]",joy,0.7491,"[0.0079, 0.0339, 0.0168, 0.7491, 0.0473, 0.1419, 0.0032]",0.0087,0.1918,0.9798,True,"['face-voice', 'face-text']",voice,joy,positive,I would make a good cowboy.,Ross,950,15
dia451_utt6,train,sadness,0.9172,"[0.0001, 0.0, 0.0683, 0.0, 0.0144, 0.9172, 0.0]",anger,1.0,"[1.0, 0.0, 0.0, 0.0, 0.0, 0.0, 0.0]",neutral,0.3191,"[0.0215, 0.1638, 0.1731, 0.014, 0.3191, 0.3045, 0.004]",0.0001,0.6404,0.0428,True,['face-voice'],voice,neutral,neutral,You agreed to take me in sickness and in health.,Monica,451,6
dia606_utt7,train,surprise,0.9995,"[0.0, 0.0, 0.0005, 0.0, 0.0, 0.0, 0.9995]",neutral,0.8654,"[0.0767, 0.0, 0.0, 0.058, 0.8654, 0.0, 0.0]",neutral,0.9258,"[0.0054, 0.0115, 0.0027, 0.0032, 0.9258, 0.018, 0.0333]",0.0,0.0359,0.9937,True,"['face-voice', 'face-text']",face,neutral,neutral,Ross.,Ross,606,7
dia168_utt14,test,fear,0.8012,"[0.0, 0.0, 0.8012, 0.0, 0.0, 0.1987, 0.0]",anger,0.5889,"[0.5889, 0.0, 0.0, 0.3117, 0.0994, 0.0, 0.0]",surprise,0.4428,"[0.3446, 0.0972, 0.0184, 0.0118, 0.0681, 0.0172, 0.4428]",0.0,0.0384,0.5516,False,[],face,surprise,negative,"Okay, who are you?",The Stripper,168,14
dia200_utt6,train,sadness,0.6169,"[0.1733, 0.0, 0.1824, 0.0, 0.0274, 0.6169, 0.0]",anger,0.9558,"[0.9558, 0.0, 0.0, 0.0201, 0.0058, 0.0183, 0.0]",anger,0.603,"[0.603, 0.1303, 0.0129, 0.0056, 0.2093, 0.0263, 0.0126]",0.2778,0.2962,0.927,True,"['face-voice', 'face-text']",voice,anger,negative,"Y’know what? He didn’t want to talk to us about being angry, well maybe we don’t talk to him",Ross,200,6
dia737_utt2,train,sadness,0.9195,"[0.005, 0.0, 0.0025, 0.0568, 0.0162, 0.9195, 0.0]",joy,0.8657,"[0.0168, 0.0, 0.0, 0.8657, 0.0961, 0.0213, 0.0]",neutral,0.5882,"[0.0478, 0.0117, 0.0876, 0.005, 0.5882, 0.0095, 0.2503]",0.0877,0.0319,0.1097,True,['face-voice'],face,neutral,neutral,"I know, just quick-quick question, quick question. Which one was",Chandler,737,2
dia635_utt7,train,anger,0.5264,"[0.5264, 0.0036, 0.2119, 0.0001, 0.0026, 0.2549, 0.0005]",joy,0.8629,"[0.023, 0.0, 0.0, 0.8629, 0.1135, 0.0006, 0.0]",neutral,0.8252,"[0.0384, 0.0613, 0.0372, 0.0096, 0.8252, 0.0247, 0.0036]",0.0234,0.0713,0.1423,True,['voice-text'],voice,neutral,neutral,"Yes, of course.",Chandler,635,7
dia805_utt4,train,sadness,0.8511,"[0.006, 0.0004, 0.1424, 0.0, 0.0001, 0.8511, 0.0]",joy,0.4877,"[0.0014, 0.0, 0.0, 0.4877, 0.2195, 0.2914, 0.0]",surprise,0.8316,"[0.0405, 0.0835, 0.0064, 0.0131, 0.0159, 0.0091, 0.8316]",0.472,0.0124,0.0247,True,['face-text'],face,surprise,positive,"It's no big deal, I mean it is her home phone number, but... Whoa!",Ross,805,4
dia63_utt2,dev,sadness,0.7079,"[0.0515, 0.0005, 0.0061, 0.0004, 0.2333, 0.7079, 0.0004]",anger,0.9464,"[0.9464, 0.0, 0.0, 0.005, 0.0445, 0.0041, 0.0]",neutral,0.7955,"[0.0523, 0.0679, 0.0507, 0.0049, 0.7955, 0.0193, 0.0094]",0.0877,0.3375,0.1119,True,"['face-voice', 'face-text', 'voice-text']",voice,anger,negative,But having a dove place the ring on your finger would’ve been no problem?,Ross,63,2
dia191_utt9,test,sadness,0.4987,"[0.1381, 0.0, 0.0249, 0.0002, 0.3382, 0.4987, 0.0]",neutral,0.7662,"[0.0032, 0.0, 0.0, 0.2306, 0.7662, 0.0001, 0.0]",surprise,0.8963,"[0.0251, 0.0191, 0.0044, 0.0046, 0.0471, 0.0032, 0.8963]",0.5245,0.0381,0.0518,True,['voice-text'],text,neutral,neutral,Yeah?,Chandler,191,9
dia370_utt0,train,sadness,0.5607,"[0.1136, 0.0, 0.0234, 0.0, 0.3022, 0.5607, 0.0]",sadness,0.9006,"[0.0753, 0.0, 0.0, 0.0218, 0.0023, 0.9006, 0.0]",neutral,0.541,"[0.1089, 0.1944, 0.0283, 0.0047, 0.541, 0.013, 0.1096]",0.8786,0.4763,0.0395,False,[],voice,neutral,neutral,"Really Mr. Geller, you don’t have to do this.",Sarah,370,0
dia978_utt6,train,sadness,0.5972,"[0.0775, 0.0, 0.3253, 0.0, 0.0, 0.5972, 0.0]",joy,0.7011,"[0.0924, 0.0, 0.0, 0.7011, 0.0004, 0.2061, 0.0]",sadness,0.4231,"[0.0798, 0.0791, 0.2092, 0.004, 0.1703, 0.4231, 0.0345]",0.2583,0.9267,0.2567,False,[],voice,surprise,negative,You missed the exit!,Friend No. 2,978,6
dia13_utt1,train,sadness,0.8676,"[0.0086, 0.0, 0.0236, 0.0002, 0.1, 0.8676, 0.0]",joy,0.6959,"[0.0131, 0.0, 0.0, 0.6959, 0.0561, 0.2348, 0.0]",surprise,0.97,"[0.0034, 0.0051, 0.0027, 0.0036, 0.0135, 0.0017, 0.97]",0.3256,0.0034,0.0052,True,"['face-voice', 'face-text', 'voice-text']",text,neutral,neutral,Uh that’s an eighteenth century Indian artifact from Calcutta.,Ross,13,1
dia446_utt3,train,sadness,0.7273,"[0.0151, 0.0, 0.0033, 0.0004, 0.2538, 0.7273, 0.0]",joy,0.5199,"[0.0176, 0.0, 0.0, 0.5199, 0.4624, 0.0, 0.0]",neutral,0.6163,"[0.012, 0.0177, 0.0055, 0.0081, 0.6163, 0.0043, 0.3361]",0.2198,0.2952,0.592,True,['face-text'],face,neutral,neutral,What like Pete Dakota?,Pete,446,3
dia172_utt1,test,sadness,0.9858,"[0.0003, 0.0, 0.0003, 0.0006, 0.013, 0.9858, 0.0]",neutral,0.563,"[0.1711, 0.0, 0.0, 0.2193, 0.563, 0.0467, 0.0]",neutral,0.4168,"[0.0907, 0.0953, 0.2033, 0.0207, 0.4168, 0.1664, 0.0069]",0.0862,0.337,0.8167,False,[],face,neutral,neutral,"Oh no-no believe me, I’m leaving as soon as possible!",Elizabeth,172,1
dia103_utt4,train,sadness,0.9668,"[0.0006, 0.0, 0.0, 0.0121, 0.0204, 0.9668, 0.0]",joy,0.8833,"[0.0317, 0.0, 0.0, 0.8833, 0.036, 0.049, 0.0]",joy,0.4629,"[0.0259, 0.0619, 0.29, 0.4629, 0.0116, 0.1465, 0.0012]",0.0686,0.2678,0.8269,True,['face-voice'],face,neutral,neutral,I studied for a year in Barcelona.,Kristen,103,4
dia633_utt6,train,sadness,0.7404,"[0.2225, 0.0024, 0.0187, 0.0003, 0.0157, 0.7404, 0.0]",joy,0.8263,"[0.0028, 0.0, 0.0, 0.8263, 0.1709, 0.0, 0.0]",neutral,0.6201,"[0.0109, 0.0041, 0.0083, 0.011, 0.6201, 0.0067, 0.3391]",0.0054,0.0316,0.193,True,"['face-voice', 'face-text', 'voice-text']",voice,neutral,neutral,Hello?,Rachel,633,6
dia632_utt7,train,sadness,0.6796,"[0.0, 0.0, 0.2255, 0.0, 0.0948, 0.6796, 0.0]",anger,0.8562,"[0.8562, 0.0, 0.0, 0.1313, 0.0104, 0.0021, 0.0]",anger,0.4849,"[0.4849, 0.4447, 0.0166, 0.0009, 0.0186, 0.0332, 0.0012]",0.0039,0.059,0.7276,True,['face-voice'],voice,disgust,negative,It’s wrong.,Monica,632,7
dia2_utt1,train,sadness,0.9494,"[0.0001, 0.0, 0.0466, 0.0, 0.004, 0.9494, 0.0]",anger,0.7535,"[0.7535, 0.0, 0.0, 0.2253, 0.004, 0.0173, 0.0]",disgust,0.7412,"[0.1757, 0.7412, 0.0074, 0.0018, 0.0218, 0.0387, 0.0133]",0.022,0.0513,0.2224,True,"['face-voice', 'face-text', 'voice-text']",face,neutral,neutral,Hey-hey-hey. You wanna hear something that sucks.,Monica,2,1
dia477_utt2,train,anger,0.7622,"[0.7622, 0.0, 0.2009, 0.0, 0.0001, 0.0343, 0.0024]",neutral,0.5457,"[0.0, 0.0, 0.0, 0.4542, 0.5457, 0.0001, 0.0]",neutral,0.6912,"[0.0209, 0.0513, 0.0188, 0.0098, 0.6912, 0.1335, 0.0745]",0.0001,0.0439,0.7567,True,['face-text'],face,neutral,neutral,Hot dog?,Ross,477,2
dia686_utt1,train,surprise,0.9631,"[0.0002, 0.0, 0.0332, 0.0, 0.0021, 0.0013, 0.9631]",neutral,0.6816,"[0.01, 0.0, 0.0, 0.3083, 0.6816, 0.0001, 0.0]",neutral,0.5763,"[0.288, 0.0367, 0.0219, 0.0594, 0.5763, 0.0155, 0.0022]",0.002,0.0067,0.8532,True,['face-voice'],face,neutral,neutral,I’ll do it.,Rachel,686,1
dia501_utt5,train,joy,1.0,"[0.0, 0.0, 0.0, 1.0, 0.0, 0.0, 0.0]",joy,0.963,"[0.0136, 0.0, 0.0, 0.963, 0.0234, 0.0, 0.0]",neutral,0.4334,"[0.0327, 0.3474, 0.0225, 0.0062, 0.4334, 0.0088, 0.149]",0.9996,0.0108,0.0298,False,[],face,disgust,negative,Wo-women? You mean like old women?,Rachel,501,5
dia371_utt6,train,joy,0.9999,"[0.0, 0.0, 0.0, 0.9999, 0.0, 0.0, 0.0]",joy,0.6297,"[0.0004, 0.0, 0.0, 0.6297, 0.3698, 0.0001, 0.0]",surprise,0.8562,"[0.0494, 0.0443, 0.0031, 0.0139, 0.028, 0.0051, 0.8562]",0.8623,0.0162,0.0305,True,"['face-text', 'voice-text']",face,surprise,positive,"So you're really doing this, huh?",Joey,371,6
dia740_utt0,train,sadness,0.4686,"[0.0637, 0.0, 0.4001, 0.0, 0.0673, 0.4686, 0.0003]",joy,0.8364,"[0.0149, 0.0, 0.0, 0.8364, 0.1184, 0.0303, 0.0]",neutral,0.8806,"[0.0539, 0.0391, 0.0064, 0.0033, 0.8806, 0.0053, 0.0114]",0.0438,0.123,0.1446,True,['voice-text'],text,sadness,negative,"Well, she’ll understand right? It’s not like I did it on purpose.",Mr. Geller,740,0
dia192_utt4,test,sadness,0.9984,"[0.0, 0.0, 0.0015, 0.0, 0.0001, 0.9984, 0.0]",anger,0.8578,"[0.8578, 0.0, 0.0, 0.1408, 0.0014, 0.0, 0.0]",anger,0.4269,"[0.4269, 0.0573, 0.2808, 0.0018, 0.0934, 0.0082, 0.1315]",0.0,0.0161,0.7825,True,['face-voice'],face,anger,negative,Why would the baby creep me out?,Chandler,192,4
dia119_utt0,train,sadness,0.5287,"[0.2396, 0.0, 0.0068, 0.0, 0.2249, 0.5287, 0.0]",neutral,0.9676,"[0.001, 0.0, 0.0, 0.0314, 0.9676, 0.0, 0.0]",surprise,0.6275,"[0.0337, 0.0759, 0.0307, 0.0087, 0.2033, 0.0202, 0.6275]",0.3615,0.156,0.3056,True,['voice-text'],voice,neutral,neutral,I don't know.,Joey,119,0
dia1015_utt7,train,anger,0.3956,"[0.3956, 0.0091, 0.3177, 0.0, 0.0031, 0.2001, 0.0745]",neutral,0.8707,"[0.0165, 0.0, 0.0, 0.0467, 0.8707, 0.0661, 0.0]",neutral,0.6783,"[0.0236, 0.0461, 0.0038, 0.0075, 0.6783, 0.0048, 0.2359]",0.0466,0.0796,0.9394,False,[],voice,neutral,neutral,"Okay, now that was Gerston, Santos, and who's the guy with the moustache?",Chandler,1015,7
dia189_utt6,test,neutral,0.6901,"[0.0001, 0.0, 0.0199, 0.0486, 0.6901, 0.2414, 0.0]",joy,0.9602,"[0.0002, 0.0, 0.0, 0.9602, 0.0385, 0.0011, 0.0]",joy,0.8778,"[0.0042, 0.0077, 0.0013, 0.8778, 0.0868, 0.0034, 0.019]",0.1043,0.1598,0.998,True,"['face-voice', 'face-text']",voice,neutral,neutral,"I think it’s great. It’s great. Y’know, they’re thinking of changing the name of this place.",Chandler,189,6
dia622_utt9,train,sadness,0.7216,"[0.0628, 0.0, 0.1701, 0.0001, 0.045, 0.7216, 0.0002]",joy,0.9572,"[0.0246, 0.0, 0.0, 0.9572, 0.0039, 0.0142, 0.0]",neutral,0.4285,"[0.1425, 0.1407, 0.0446, 0.0133, 0.4285, 0.0123, 0.2179]",0.0169,0.1149,0.0361,True,['face-voice'],voice,neutral,neutral,"This is completely normal, around the fourth month your hormones start going crazy.",Phoebe,622,9
dia820_utt9,train,neutral,0.5125,"[0.0, 0.0, 0.0003, 0.3821, 0.5125, 0.0, 0.105]",anger,0.9528,"[0.9528, 0.0, 0.0, 0.043, 0.0025, 0.0017, 0.0]",neutral,0.7295,"[0.0103, 0.0132, 0.0031, 0.0673, 0.7295, 0.0203, 0.1564]",0.0287,0.8567,0.0204,True,['voice-text'],voice,joy,positive,"Oh, and the director is supposed to be the next next Martin Scorcese.",Joey,820,9
dia68_utt11,dev,joy,0.708,"[0.0094, 0.0, 0.0007, 0.708, 0.1539, 0.1277, 0.0002]",anger,0.6146,"[0.6146, 0.0, 0.0, 0.0896, 0.2784, 0.0173, 0.0]",neutral,0.8518,"[0.0207, 0.0293, 0.0596, 0.005, 0.8518, 0.0144, 0.0192]",0.2281,0.2173,0.4305,True,"['face-voice', 'face-text', 'voice-text']",text,neutral,neutral,We know how tough those parent/teacher conferences can be.,Monica,68,11
dia83_utt3,dev,joy,0.9999,"[0.0, 0.0, 0.0, 0.9999, 0.0001, 0.0, 0.0]",joy,0.9382,"[0.0031, 0.0, 0.0, 0.9382, 0.0585, 0.0001, 0.0]",surprise,0.9222,"[0.0336, 0.0138, 0.0097, 0.0025, 0.0139, 0.0043, 0.9222]",0.9981,0.0027,0.0038,True,"['face-text', 'voice-text']",face,surprise,positive,What?,Monica,83,3
dia826_utt4,train,neutral,0.3196,"[0.061, 0.0, 0.2807, 0.1454, 0.3196, 0.1692, 0.024]",anger,0.4124,"[0.4124, 0.0, 0.0, 0.1443, 0.3917, 0.0516, 0.0]",neutral,0.4783,"[0.0356, 0.2016, 0.0972, 0.0074, 0.4783, 0.0946, 0.0854]",0.6305,0.7632,0.6485,False,[],text,sadness,negative,I-I wasn’t in that.,Joey,826,4
dia40_utt3,dev,fear,0.7802,"[0.1197, 0.0, 0.7802, 0.0003, 0.0006, 0.0571, 0.0421]",anger,0.7431,"[0.7431, 0.0, 0.0, 0.2507, 0.0055, 0.0007, 0.0]",surprise,0.5361,"[0.2106, 0.0791, 0.0503, 0.0107, 0.0885, 0.0246, 0.5361]",0.1433,0.1889,0.3446,True,['face-voice'],face,neutral,neutral,I said no.,Joey,40,3
dia264_utt4,train,anger,0.5266,"[0.5266, 0.0, 0.0054, 0.0259, 0.3163, 0.1231, 0.0028]",neutral,0.9915,"[0.0033, 0.0, 0.0, 0.0051, 0.9915, 0.0001, 0.0]",neutral,0.5052,"[0.0324, 0.3907, 0.0322, 0.0068, 0.5052, 0.009, 0.0238]",0.5074,0.4439,0.7886,False,[],voice,joy,positive,"Okay, are you aware unagi  is an eel?",Chandler,264,4
dia34_utt12,test,sadness,0.9639,"[0.0137, 0.0, 0.0177, 0.0003, 0.0001, 0.9639, 0.0043]",joy,0.9912,"[0.0002, 0.0, 0.0, 0.9912, 0.0068, 0.0018, 0.0]",surprise,0.4618,"[0.2549, 0.1895, 0.0255, 0.0178, 0.0187, 0.032, 0.4618]",0.0021,0.0677,0.0321,True,['face-voice'],voice,surprise,negative,"Oh my God!! Do it!! Honey, you’ve waited",Rachel,34,12
dia1029_utt11,train,joy,0.9523,"[0.0003, 0.0, 0.0, 0.9523, 0.0457, 0.0016, 0.0]",anger,0.9013,"[0.9013, 0.0, 0.0, 0.0116, 0.0192, 0.0679, 0.0]",neutral,0.7345,"[0.0545, 0.1151, 0.0184, 0.0073, 0.7345, 0.0166, 0.0537]",0.0143,0.0569,0.0953,True,"['face-voice', 'face-text', 'voice-text']",face,neutral,neutral,"And then you say to person, I bet you can’t roll this quarter from your forehead to your chin without it leaving your face.",Rachel,1029,11
dia19_utt1,train,fear,1.0,"[0.0, 0.0, 1.0, 0.0, 0.0, 0.0, 0.0]",neutral,0.9987,"[0.0011, 0.0, 0.0, 0.0001, 0.9987, 0.0, 0.0]",neutral,0.0,"[0.1429, 0.1429, 0.1429, 0.1429, 0.1429, 0.1429, 0.1429]",0.0,0.378,0.3784,True,['face-voice'],face,neutral,neutral,Hey!,Phoebe,19,1
dia311_utt0,train,fear,0.663,"[0.0074, 0.0, 0.663, 0.0014, 0.0559, 0.2718, 0.0005]",sadness,0.5175,"[0.0188, 0.0, 0.0, 0.45, 0.0137, 0.5175, 0.0]",anger,0.3846,"[0.3846, 0.0698, 0.0126, 0.3461, 0.1115, 0.0228, 0.0525]",0.2883,0.0626,0.4784,False,[],face,neutral,neutral,Okay!,Phoebe,311,0
dia139_utt2,test,fear,0.4209,"[0.4075, 0.1435, 0.4209, 0.0052, 0.0012, 0.0215, 0.0001]",joy,0.8643,"[0.0942, 0.0, 0.0, 0.8643, 0.041, 0.0005, 0.0]",neutral,0.907,"[0.0061, 0.0183, 0.004, 0.0087, 0.907, 0.042, 0.0139]",0.0818,0.0161,0.0573,True,['voice-text'],text,neutral,neutral,Me too.,Jill,139,2
dia611_utt2,train,sadness,0.5701,"[0.2502, 0.0016, 0.0693, 0.0, 0.1083, 0.5701, 0.0004]",joy,0.5519,"[0.0003, 0.0, 0.0, 0.5519, 0.4464, 0.0015, 0.0]",neutral,0.7339,"[0.0162, 0.0096, 0.0023, 0.157, 0.7339, 0.0186, 0.0625]",0.1091,0.197,0.7745,False,[],text,neutral,neutral,Thanks.,Chandler,611,2
dia336_utt0,train,neutral,0.5431,"[0.3935, 0.0, 0.0077, 0.0039, 0.5431, 0.006, 0.0458]",joy,0.8732,"[0.0012, 0.0, 0.0, 0.8732, 0.0994, 0.0263, 0.0]",neutral,0.3953,"[0.1904, 0.1946, 0.0201, 0.0115, 0.3953, 0.0114, 0.1767]",0.0982,0.8654,0.1108,False,[],voice,surprise,positive,"....and 12, 22, 18, four...  What?",Ross,336,0
dia173_utt2,test,neutral,0.6344,"[0.0575, 0.0001, 0.0008, 0.1819, 0.6344, 0.125, 0.0003]",neutral,0.9727,"[0.0006, 0.0, 0.0, 0.0267, 0.9727, 0.0, 0.0]",neutral,0.0,"[0.1429, 0.1429, 0.1429, 0.1429, 0.1429, 0.1429, 0.1429]",0.9481,0.5606,0.3884,False,[],voice,neutral,neutral,"No, she doesn’t.",Monica,173,2
dia97_utt13,dev,disgust,0.803,"[0.0946, 0.803, 0.0257, 0.0, 0.0084, 0.0566, 0.0116]",joy,0.3125,"[0.2863, 0.0, 0.0, 0.3125, 0.1069, 0.2943, 0.0]",fear,0.4876,"[0.0133, 0.1353, 0.4876, 0.0035, 0.2455, 0.0189, 0.0959]",0.1044,0.2736,0.122,False,[],face,neutral,neutral,"No, no, that’s the ghost for the attic.",Phoebe,97,13
dia963_utt8,train,neutral,0.6888,"[0.0, 0.0, 0.0785, 0.2221, 0.6888, 0.0002, 0.0104]",joy,0.6523,"[0.3311, 0.0, 0.0, 0.6523, 0.0072, 0.0095, 0.0]",neutral,0.7623,"[0.012, 0.0119, 0.0133, 0.0252, 0.7623, 0.0182, 0.1572]",0.2813,0.9401,0.0457,True,"['face-voice', 'voice-text']",text,anger,negative,"Hey, it’s been like three weeks!",Ross,963,8
dia945_utt11,train,anger,0.9994,"[0.9994, 0.0, 0.0002, 0.0, 0.0, 0.0004, 0.0]",anger,0.4856,"[0.4856, 0.0, 0.0, 0.1899, 0.2696, 0.055, 0.0]",neutral,0.5401,"[0.0105, 0.014, 0.001, 0.4187, 0.5401, 0.0094, 0.0063]",0.8237,0.0153,0.5724,False,[],face,joy,positive,And you can go back to enjoying your little hamburger.,Rachel,945,11
dia246_utt11,test,anger,0.7811,"[0.7811, 0.0, 0.1169, 0.0, 0.0031, 0.0989, 0.0]",sadness,0.541,"[0.0441, 0.0, 0.0, 0.0374, 0.3775, 0.541, 0.0]",neutral,0.358,"[0.1072, 0.2818, 0.0107, 0.0809, 0.358, 0.0227, 0.1387]",0.1691,0.224,0.473,False,[],face,neutral,neutral,"Anyway, look, I don’t know about you and your jackets and your separate tables, but Ross is one of my best friends, and if I save him a seat, I’m telling you, he",Joey,246,11
dia702_utt2,train,joy,0.9522,"[0.0, 0.0, 0.0, 0.9522, 0.0356, 0.0121, 0.0]",anger,0.4557,"[0.4557, 0.0, 0.0, 0.1746, 0.3691, 0.0006, 0.0]",neutral,0.6325,"[0.03, 0.0088, 0.0087, 0.1079, 0.6325, 0.0219, 0.1901]",0.3076,0.1965,0.6485,True,['face-text'],face,neutral,neutral,How much did ever really win before?,Monica,702,2
dia780_utt5,train,sadness,0.6463,"[0.0519, 0.0048, 0.1476, 0.0076, 0.1411, 0.6463, 0.0006]",neutral,0.9383,"[0.0262, 0.0, 0.0, 0.0355, 0.9383, 0.0, 0.0]",surprise,0.9222,"[0.0336, 0.0138, 0.0097, 0.0025, 0.0139, 0.0043, 0.9222]",0.2099,0.0137,0.0162,True,"['face-voice', 'face-text', 'voice-text']",voice,surprise,negative,What?,Phoebe,780,5
dia420_utt1,train,sadness,0.4278,"[0.2255, 0.0049, 0.339, 0.0001, 0.0023, 0.4278, 0.0003]",joy,0.9938,"[0.0028, 0.0, 0.0, 0.9938, 0.0033, 0.0001, 0.0]",joy,0.9287,"[0.0025, 0.0046, 0.0009, 0.9287, 0.0539, 0.0023, 0.0071]",0.0013,0.0038,0.9985,False,[],voice,joy,positive,"Pheebs, that’s great!",Rachel,420,1
dia855_utt5,train,neutral,0.545,"[0.1076, 0.0, 0.0043, 0.0, 0.545, 0.3431, 0.0]",neutral,0.6854,"[0.0783, 0.0, 0.0, 0.204, 0.6854, 0.0323, 0.0]",disgust,0.4565,"[0.3278, 0.4565, 0.0104, 0.0051, 0.129, 0.035, 0.0362]",0.8359,0.3112,0.2789,False,[],voice,sadness,negative,"Oh don’t listen to him, he’s just some guy who really wants the apartment, but I don’t think he’s gonna get it.",Joey,855,5
dia206_utt4,test,sadness,0.5816,"[0.1317, 0.0058, 0.2451, 0.0001, 0.0312, 0.5816, 0.0045]",joy,0.7091,"[0.0418, 0.0, 0.0, 0.7091, 0.2477, 0.0014, 0.0]",surprise,0.6201,"[0.0615, 0.0471, 0.0099, 0.0015, 0.2483, 0.0116, 0.6201]",0.0291,0.0647,0.1288,True,['voice-text'],voice,anger,negative,"Y'know, how did I get this reputation as a dropper? Okay? I'm",Chandler,206,4
dia208_utt7,test,neutral,0.7839,"[0.0, 0.0, 0.0011, 0.1951, 0.7839, 0.0199, 0.0]",sadness,0.5167,"[0.0171, 0.0, 0.0, 0.4581, 0.0081, 0.5167, 0.0]",sadness,0.9336,"[0.0044, 0.0087, 0.0141, 0.0032, 0.0323, 0.9336, 0.0036]",0.1899,0.059,0.7502,True,['face-text'],text,sadness,negative,I’ve just been thinking about how my baby and I are gonna be all alone.,Rachel,208,7
dia844_utt15,train,neutral,0.6021,"[0.0079, 0.0, 0.0095, 0.0, 0.6021, 0.3804, 0.0]",joy,0.7187,"[0.1846, 0.0, 0.0, 0.7187, 0.0876, 0.0091, 0.0]",joy,0.6253,"[0.0427, 0.0445, 0.0025, 0.6253, 0.2757, 0.0058, 0.0035]",0.1084,0.345,0.939,True,"['face-voice', 'face-text']",voice,joy,positive,"Okay, good-good for you.",Ross,844,15
dia960_utt9,train,sadness,0.7039,"[0.1544, 0.0155, 0.0432, 0.033, 0.0481, 0.7039, 0.0019]",anger,0.9872,"[0.9872, 0.0, 0.0, 0.0044, 0.0078, 0.0005, 0.0]",neutral,0.7267,"[0.1045, 0.0778, 0.0142, 0.0597, 0.7267, 0.0089, 0.0083]",0.2144,0.1139,0.1491,True,"['face-voice', 'face-text', 'voice-text']",voice,anger,negative,"Hand me those tomatoes, I’m gonna show you what it should taste like! Come on, hand me them.",Monica,960,9
dia895_utt6,train,sadness,0.6024,"[0.1475, 0.0001, 0.1593, 0.002, 0.0883, 0.6024, 0.0004]",neutral,0.372,"[0.3375, 0.0, 0.0, 0.2832, 0.372, 0.0073, 0.0]",anger,0.445,"[0.445, 0.0785, 0.0503, 0.0041, 0.0854, 0.0113, 0.3254]",0.2349,0.241,0.5616,False,[],face,neutral,neutral,"Because by the time I find it on this thing , the whole place might have exploded.",Mr. Treeger,895,6
dia103_utt2,train,sadness,0.9971,"[0.0, 0.0, 0.0029, 0.0, 0.0, 0.9971, 0.0]",joy,0.9581,"[0.0004, 0.0, 0.0, 0.9581, 0.0391, 0.0024, 0.0]",surprise,0.8808,"[0.0387, 0.0203, 0.0044, 0.0064, 0.0439, 0.0055, 0.8808]",0.0025,0.0062,0.0093,True,"['face-voice', 'face-text', 'voice-text']",face,surprise,positive,Really?,Kristen,103,2
dia213_utt3,test,joy,0.9957,"[0.0, 0.0, 0.0, 0.9957, 0.0043, 0.0, 0.0]",sadness,0.4836,"[0.4667, 0.0, 0.0, 0.0319, 0.0178, 0.4836, 0.0]",neutral,0.7466,"[0.0126, 0.068, 0.0038, 0.13, 0.7466, 0.02, 0.019]",0.0475,0.1749,0.0643,True,['face-text'],face,neutral,neutral,"So big deal, so Joey’s had a lot of girlfriends, it doesn’t mean he’s great in bed.",Monica,213,3
dia42_utt7,test,joy,1.0,"[0.0, 0.0, 0.0, 1.0, 0.0, 0.0, 0.0]",sadness,0.5042,"[0.0199, 0.0, 0.0, 0.4659, 0.0101, 0.5042, 0.0]",disgust,0.4018,"[0.3866, 0.4018, 0.0086, 0.0048, 0.166, 0.0297, 0.0024]",0.6783,0.0082,0.0664,False,[],face,surprise,positive,"Okay, so you were trying to play bad this whole time.",Monica,42,7
dia730_utt9,train,sadness,0.6454,"[0.0681, 0.0, 0.0056, 0.0089, 0.2717, 0.6454, 0.0003]",neutral,0.5966,"[0.1284, 0.0, 0.0, 0.0952, 0.5966, 0.1797, 0.0]",neutral,0.4593,"[0.0401, 0.3243, 0.0075, 0.0074, 0.4593, 0.0156, 0.146]",0.6356,0.336,0.7543,False,[],face,surprise,positive,"Geez, sounds like you should be going on this date!",Joey,730,9
dia8_utt13,dev,sadness,0.6763,"[0.1405, 0.0, 0.0196, 0.001, 0.1625, 0.6763, 0.0]",neutral,0.6693,"[0.0053, 0.0, 0.0, 0.1778, 0.6693, 0.1476, 0.0]",disgust,0.7309,"[0.0273, 0.7309, 0.0235, 0.0079, 0.195, 0.0124, 0.0029]",0.4168,0.0826,0.2496,True,"['face-voice', 'face-text', 'voice-text']",text,neutral,neutral,So we go into this barn and undress each other and hold each other.,Joey,8,13
dia645_utt16,train,sadness,0.6273,"[0.0571, 0.0, 0.0145, 0.0029, 0.297, 0.6273, 0.0013]",joy,0.947,"[0.0293, 0.0, 0.0, 0.947, 0.0229, 0.0008, 0.0]",neutral,0.8822,"[0.006, 0.0128, 0.0025, 0.0124, 0.8822, 0.01, 0.074]",0.0177,0.4358,0.0382,True,"['face-voice', 'face-text', 'voice-text']",voice,neutral,neutral,Not if you were here.,Phoebe,645,16
dia903_utt1,train,anger,0.885,"[0.885, 0.0, 0.0013, 0.0, 0.001, 0.1127, 0.0]",sadness,0.623,"[0.0027, 0.0, 0.0, 0.3281, 0.0462, 0.623, 0.0]",neutral,0.4408,"[0.02, 0.0285, 0.0363, 0.1491, 0.4408, 0.0052, 0.3202]",0.1154,0.0371,0.1813,True,['face-voice'],face,joy,positive,Well it’s just while Monica and I were dancing to them it was…the first time I knew that…you were the woman I wanted to dance all my dances with.,Chandler,903,1
dia27_utt1,test,anger,0.5715,"[0.5715, 0.0013, 0.0335, 0.0011, 0.0001, 0.0038, 0.3887]",anger,0.6793,"[0.6793, 0.0, 0.0, 0.0353, 0.2854, 0.0, 0.0]",sadness,0.3753,"[0.1495, 0.3635, 0.0092, 0.0033, 0.0939, 0.3753, 0.0052]",0.7607,0.2349,0.3157,False,[],voice,neutral,neutral,Hi.,Phoebe,27,1
dia573_utt8,train,anger,0.9231,"[0.9231, 0.0015, 0.0243, 0.0011, 0.0047, 0.0452, 0.0]",joy,0.9724,"[0.0027, 0.0, 0.0, 0.9724, 0.0057, 0.0192, 0.0]",anger,0.5791,"[0.5791, 0.1367, 0.0104, 0.0108, 0.0711, 0.0058, 0.1862]",0.005,0.9229,0.0206,True,['face-voice'],voice,anger,negative,It’s not something you are! It’s something you have!,Ross,573,8
dia146_utt2,train,sadness,0.9346,"[0.0088, 0.0, 0.0281, 0.0, 0.0286, 0.9346, 0.0]",anger,0.4696,"[0.4696, 0.0, 0.0, 0.3981, 0.0712, 0.0611, 0.0]",anger,0.6685,"[0.6685, 0.0948, 0.0444, 0.0065, 0.0875, 0.0211, 0.0773]",0.1087,0.0456,0.7575,True,['face-text'],face,neutral,neutral,Phoebe why don’t you just call her? You obviously want to.,Monica,146,2
dia275_utt10,train,sadness,0.8144,"[0.002, 0.0, 0.1824, 0.0011, 0.0001, 0.8144, 0.0]",joy,0.8915,"[0.0026, 0.0, 0.0, 0.8915, 0.1048, 0.0012, 0.0]",fear,0.6613,"[0.055, 0.1167, 0.6613, 0.0053, 0.0535, 0.1033, 0.0049]",0.0027,0.3589,0.0173,True,"['face-voice', 'face-text', 'voice-text']",voice,fear,negative,"Oh no, no-no-no-no! I don't want to know!",Joey,275,10
dia1013_utt3,train,neutral,0.7122,"[0.0548, 0.0001, 0.0278, 0.002, 0.7122, 0.2025, 0.0007]",anger,0.9253,"[0.9253, 0.0, 0.0, 0.0474, 0.0088, 0.0186, 0.0]",anger,0.7401,"[0.7401, 0.0353, 0.1562, 0.0062, 0.022, 0.0251, 0.0151]",0.0883,0.1165,0.976,True,"['face-voice', 'face-text']",voice,anger,negative,No! You don’t know the system! There’ll be nobody messing with the system!,Monica,1013,3
dia658_utt19,train,anger,0.5297,"[0.5297, 0.0002, 0.1359, 0.0, 0.1211, 0.21, 0.0031]",anger,0.6874,"[0.6874, 0.0, 0.0, 0.2433, 0.0604, 0.0089, 0.0]",neutral,0.5459,"[0.1722, 0.2594, 0.0047, 0.0037, 0.5459, 0.0108, 0.0033]",0.8529,0.4263,0.3312,False,[],voice,neutral,neutral,"Okay, they're just talking...",Phoebe,658,19
dia90_utt5,test,fear,0.4137,"[0.2069, 0.0, 0.4137, 0.0, 0.0117, 0.365, 0.0026]",joy,0.9635,"[0.0012, 0.0, 0.0, 0.9635, 0.0298, 0.0056, 0.0]",neutral,0.4319,"[0.1072, 0.3159, 0.0134, 0.0566, 0.4319, 0.053, 0.0219]",0.0046,0.1604,0.1275,False,[],voice,sadness,negative,Try telling my wife that.,Ross,90,5
dia400_utt5,train,sadness,0.8606,"[0.0141, 0.0, 0.0001, 0.1232, 0.0018, 0.8606, 0.0]",joy,0.9675,"[0.0001, 0.0, 0.0, 0.9675, 0.0316, 0.0008, 0.0]",disgust,0.9309,"[0.0138, 0.9309, 0.0077, 0.0007, 0.0094, 0.0338, 0.0037]",0.1425,0.0363,0.0011,True,"['face-voice', 'face-text', 'voice-text']",voice,joy,positive,"Oh, God...",Rachel,400,5
dia86_utt7,train,neutral,0.7156,"[0.0232, 0.0, 0.0085, 0.005, 0.7156, 0.0144, 0.2333]",joy,0.713,"[0.19, 0.0, 0.0, 0.713, 0.0871, 0.0099, 0.0]",neutral,0.7133,"[0.0577, 0.1497, 0.0168, 0.0051, 0.7133, 0.0158, 0.0416]",0.1259,0.9456,0.1413,True,"['face-voice', 'voice-text']",face,neutral,neutral,We get high.,Kim,86,7
dia300_utt0,train,fear,0.7474,"[0.0192, 0.0, 0.7474, 0.06, 0.1584, 0.0003, 0.0146]",sadness,0.7875,"[0.003, 0.0, 0.0, 0.1845, 0.0249, 0.7875, 0.0]",joy,0.656,"[0.0205, 0.0126, 0.0035, 0.656, 0.2377, 0.0311, 0.0386]",0.0247,0.1502,0.2675,True,"['face-voice', 'face-text', 'voice-text']",voice,joy,positive,"Shoot! Shoot! Shoot! Shoot, or just fall down. That's good too.",Joey,300,0
dia913_utt9,train,sadness,0.5284,"[0.2646, 0.0012, 0.0387, 0.0007, 0.1655, 0.5284, 0.001]",anger,0.984,"[0.984, 0.0, 0.0, 0.0024, 0.0124, 0.0012, 0.0]",neutral,0.7617,"[0.0098, 0.0056, 0.0208, 0.0126, 0.7617, 0.0038, 0.1857]",0.4347,0.2729,0.0248,True,['voice-text'],voice,neutral,neutral,I'm intrigued.,Chandler,913,9
dia85_utt9,dev,sadness,0.8742,"[0.0027, 0.0, 0.0, 0.1165, 0.0065, 0.8742, 0.0]",anger,0.8525,"[0.8525, 0.0, 0.0, 0.0047, 0.0004, 0.1423, 0.0]",neutral,0.9646,"[0.0068, 0.0082, 0.001, 0.004, 0.9646, 0.0033, 0.0121]",0.167,0.0113,0.008,True,"['face-voice', 'face-text', 'voice-text']",text,joy,positive,You used the Europe story!,Monica,85,9
dia445_utt4,train,sadness,0.7119,"[0.0327, 0.0, 0.251, 0.0, 0.0044, 0.7119, 0.0]",neutral,0.6635,"[0.0255, 0.0, 0.0, 0.1625, 0.6635, 0.1485, 0.0]",neutral,0.446,"[0.0117, 0.0095, 0.0038, 0.3924, 0.446, 0.0304, 0.1063]",0.2072,0.0545,0.8621,True,['face-voice'],face,neutral,neutral,I just called a friend of mine.,Dr. Green,445,4
dia740_utt5,train,neutral,0.4166,"[0.181, 0.0, 0.0054, 0.0, 0.4166, 0.397, 0.0]",joy,0.8516,"[0.0002, 0.0, 0.0, 0.8516, 0.1194, 0.0288, 0.0]",anger,0.765,"[0.765, 0.13, 0.0056, 0.0035, 0.0513, 0.0344, 0.0102]",0.1179,0.3695,0.0154,True,['voice-text'],voice,sadness,negative,"Well, can you blame her?",Ross,740,5
dia17_utt24,test,joy,0.9371,"[0.0592, 0.0, 0.0008, 0.9371, 0.0007, 0.0021, 0.0001]",joy,0.8408,"[0.0113, 0.0, 0.0, 0.8408, 0.095, 0.0529, 0.0]",sadness,0.68,"[0.0599, 0.1295, 0.012, 0.0029, 0.098, 0.68, 0.0178]",0.9907,0.0118,0.0813,True,"['face-text', 'voice-text']",face,anger,negative,"Look, honey, I have tried to make nice, it doesn’t work.",Ross,17,24
dia59_utt9,train,fear,0.42,"[0.1692, 0.0109, 0.42, 0.0072, 0.0037, 0.3462, 0.0426]",joy,0.5142,"[0.3301, 0.0, 0.0, 0.5142, 0.1555, 0.0002, 0.0]",joy,0.6376,"[0.0086, 0.0061, 0.0019, 0.6376, 0.2979, 0.0074, 0.0405]",0.167,0.0306,0.8481,False,[],text,joy,positive,Bing!,Doug,59,9
dia214_utt1,train,sadness,0.9211,"[0.0026, 0.0, 0.076, 0.0, 0.0004, 0.9211, 0.0]",sadness,0.7965,"[0.0812, 0.0, 0.0, 0.1015, 0.0208, 0.7965, 0.0]",surprise,0.8998,"[0.0451, 0.0154, 0.0043, 0.0095, 0.0202, 0.0057, 0.8998]",0.9836,0.0069,0.0132,True,"['face-text', 'voice-text']",face,neutral,neutral,David who?,Monica,214,1
dia295_utt21,train,neutral,0.8332,"[0.0001, 0.0, 0.0122, 0.0677, 0.8332, 0.0015, 0.0852]",joy,0.943,"[0.0209, 0.0, 0.0, 0.943, 0.0052, 0.0309, 0.0]",surprise,0.7325,"[0.1303, 0.0669, 0.0068, 0.0137, 0.0411, 0.0087, 0.7325]",0.086,0.1553,0.0228,True,"['face-voice', 'face-text', 'voice-text']",voice,anger,negative,"What are you still doin’ here?! I told you, lobster ravioli!",Joey,295,21
dia574_utt4,train,surprise,0.5232,"[0.0115, 0.0013, 0.3677, 0.0765, 0.0163, 0.0035, 0.5232]",neutral,0.9409,"[0.0, 0.0, 0.0, 0.059, 0.9409, 0.0002, 0.0]",disgust,0.2914,"[0.0507, 0.2914, 0.2646, 0.0214, 0.268, 0.0804, 0.0235]",0.0327,0.3725,0.5524,False,[],voice,surprise,negative,Oohh!! Ohh! Oh-oh-oh! Oh-oh!!,Joey,574,4
dia23_utt8,train,anger,0.5449,"[0.5449, 0.0006, 0.2289, 0.0012, 0.0074, 0.1073, 0.1097]",joy,0.84,"[0.0518, 0.0, 0.0, 0.84, 0.0976, 0.0106, 0.0]",anger,0.2882,"[0.2882, 0.2525, 0.0312, 0.1621, 0.1327, 0.0321, 0.1012]",0.0601,0.6546,0.4307,False,[],voice,surprise,negative,"You see you can’t tell which one is which either, dwha!!",Chandler,23,8
dia956_utt7,train,sadness,0.701,"[0.0078, 0.0, 0.0396, 0.0, 0.2515, 0.701, 0.0]",neutral,0.8544,"[0.0152, 0.0, 0.0, 0.1302, 0.8544, 0.0002, 0.0]",surprise,0.3629,"[0.142, 0.134, 0.0739, 0.0064, 0.2358, 0.0449, 0.3629]",0.3337,0.2635,0.4901,True,['face-voice'],voice,neutral,neutral,Are you close with them?,Danny,956,7
dia996_utt2,train,sadness,0.292,"[0.1175, 0.0006, 0.1539, 0.0327, 0.1131, 0.292, 0.2902]",joy,0.9068,"[0.035, 0.0, 0.0, 0.9068, 0.053, 0.0053, 0.0]",neutral,0.9465,"[0.0077, 0.0166, 0.002, 0.0095, 0.9465, 0.0081, 0.0097]",0.0967,0.2557,0.0686,True,['voice-text'],text,joy,positive,Postpone it?,Ross,996,2
dia797_utt4,train,sadness,0.9707,"[0.0, 0.0, 0.0002, 0.0, 0.0291, 0.9707, 0.0]",anger,0.7524,"[0.7524, 0.0, 0.0, 0.0762, 0.0375, 0.1339, 0.0]",neutral,0.9194,"[0.01, 0.0055, 0.0031, 0.0067, 0.9194, 0.0055, 0.0498]",0.1755,0.0359,0.0611,True,"['face-voice', 'face-text', 'voice-text']",face,neutral,neutral,Because... I'm Monica Geller. It was my credit card you were using.,Monica,797,4
dia973_utt4,train,sadness,0.9901,"[0.0, 0.0, 0.0039, 0.0027, 0.0033, 0.9901, 0.0]",neutral,0.7678,"[0.0219, 0.0, 0.0, 0.1994, 0.7678, 0.0109, 0.0]",disgust,0.8204,"[0.0115, 0.8204, 0.0068, 0.0208, 0.0959, 0.0235, 0.0212]",0.0177,0.0289,0.1193,True,"['face-voice', 'face-text', 'voice-text']",face,joy,positive,"Richard's living room, drinking wine.",Monica,973,4
dia148_utt7,train,sadness,0.9976,"[0.0003, 0.0, 0.0007, 0.0, 0.0013, 0.9976, 0.0]",anger,0.6839,"[0.6839, 0.0, 0.0, 0.2146, 0.1015, 0.0, 0.0]",anger,0.424,"[0.424, 0.1414, 0.0303, 0.0116, 0.3651, 0.0244, 0.0033]",0.0005,0.0433,0.7868,True,['face-voice'],face,neutral,neutral,"Ok, ok, How about if we split it?",Joey,148,7
dia282_utt0,train,sadness,0.9872,"[0.0, 0.0, 0.0019, 0.0, 0.0109, 0.9872, 0.0]",sadness,0.6737,"[0.0014, 0.0, 0.0, 0.2462, 0.0787, 0.6737, 0.0]",neutral,0.8196,"[0.0124, 0.0687, 0.0164, 0.0189, 0.8196, 0.0111, 0.0527]",0.9348,0.0245,0.1288,True,"['face-text', 'voice-text']",face,joy,positive,I think so too. And that little flap? Great for holding my lipstick.,Phoebe,282,0
dia401_utt7,train,anger,0.4424,"[0.4424, 0.0363, 0.0244, 0.0718, 0.0189, 0.401, 0.0052]",joy,0.8619,"[0.1256, 0.0, 0.0, 0.8619, 0.0022, 0.0103, 0.0]",surprise,0.8814,"[0.0051, 0.0013, 0.0019, 0.0777, 0.0234, 0.0092, 0.8814]",0.2314,0.0311,0.0879,True,['voice-text'],text,joy,positive,"Hi Phoebe Abott, I’m your best friends daughter!",Phoebe,401,7
dia536_utt5,train,fear,0.4459,"[0.0072, 0.0019, 0.4459, 0.0113, 0.4298, 0.0051, 0.0988]",neutral,1.0,"[0.0, 0.0, 0.0, 0.0, 1.0, 0.0, 0.0]",neutral,0.0,"[0.1429, 0.1429, 0.1429, 0.1429, 0.1429, 0.1429, 0.1429]",0.6851,0.6025,0.378,False,[],voice,surprise,negative,They had to have that specially made?!,Rachel,536,5
dia627_utt0,train,sadness,0.9112,"[0.0034, 0.0, 0.0849, 0.0, 0.0005, 0.9112, 0.0]",anger,0.4643,"[0.4643, 0.0, 0.0, 0.1391, 0.332, 0.0646, 0.0]",neutral,0.6441,"[0.0301, 0.0383, 0.014, 0.008, 0.6441, 0.0079, 0.2577]",0.112,0.0139,0.558,True,['face-text'],face,neutral,neutral,Remember how you said you were really dense about poetry? Oh.,Phoebe,627,0
dia20_utt9,train,sadness,0.7122,"[0.1567, 0.0002, 0.0305, 0.0004, 0.0999, 0.7122, 0.0001]",joy,0.9548,"[0.006, 0.0, 0.0, 0.9548, 0.0234, 0.0158, 0.0]",fear,0.5951,"[0.0089, 0.2545, 0.5951, 0.0078, 0.0837, 0.0303, 0.0197]",0.0212,0.1029,0.0159,True,['face-voice'],voice,neutral,neutral,"That was so awkward, we were really nervous.",Joey,20,9
dia10_utt2,dev,anger,0.6572,"[0.6572, 0.0096, 0.2975, 0.0022, 0.0097, 0.013, 0.0109]",neutral,0.7211,"[0.0621, 0.0, 0.0, 0.1288, 0.7211, 0.088, 0.0]",surprise,0.886,"[0.0422, 0.0079, 0.0052, 0.0134, 0.0393, 0.006, 0.886]",0.0921,0.0616,0.0505,True,"['face-voice', 'face-text', 'voice-text']",text,fear,negative,"Sur-surprise him? We're not, we're not gonna make anybody mad are we?",Chandler,10,2
dia950_utt2,train,anger,0.7608,"[0.7608, 0.0099, 0.0718, 0.0011, 0.0118, 0.1133, 0.0312]",anger,0.9115,"[0.9115, 0.0, 0.0, 0.0733, 0.0005, 0.0147, 0.0]",neutral,0.3751,"[0.0131, 0.0169, 0.0124, 0.3116, 0.3751, 0.0492, 0.2217]",0.983,0.0679,0.0725,False,[],voice,anger,negative,This year was supposed to be great!,Ross,950,2
dia840_utt5,train,sadness,0.9956,"[0.0017, 0.0, 0.0015, 0.0, 0.0012, 0.9956, 0.0]",joy,0.3299,"[0.0499, 0.0, 0.0, 0.3299, 0.292, 0.3281, 0.0]",neutral,0.6635,"[0.012, 0.1003, 0.017, 0.0411, 0.6635, 0.1564, 0.0097]",0.5956,0.2276,0.6805,True,['face-text'],face,neutral,neutral,"Well, sure...just a sec, though, 'cause Paolo's on his way over.",Rachel,840,5
dia143_utt5,test,sadness,0.6839,"[0.0056, 0.0, 0.0014, 0.0005, 0.3087, 0.6839, 0.0]",anger,0.7164,"[0.7164, 0.0, 0.0, 0.247, 0.0307, 0.0059, 0.0]",sadness,0.4404,"[0.2266, 0.0907, 0.1129, 0.0127, 0.0551, 0.4404, 0.0617]",0.031,0.8148,0.4282,True,['face-voice'],voice,fear,negative,Are you gonna break up with me if I get fat again?,Monica,143,5
dia438_utt7,train,fear,0.7428,"[0.0048, 0.0, 0.7428, 0.0007, 0.0668, 0.1775, 0.0074]",neutral,0.4568,"[0.0422, 0.0, 0.0, 0.3919, 0.4568, 0.1091, 0.0]",neutral,0.8854,"[0.0087, 0.0271, 0.0029, 0.0304, 0.8854, 0.0092, 0.0362]",0.1071,0.0931,0.768,True,['face-text'],text,neutral,neutral,The bedroom. Well it’s pretty much your typical...  bedroom.,Richard,438,7
dia222_utt9,train,neutral,0.8354,"[0.0534, 0.0, 0.0224, 0.0032, 0.8354, 0.0857, 0.0]",anger,0.9938,"[0.9938, 0.0, 0.0, 0.0035, 0.0012, 0.0014, 0.0]",neutral,0.9168,"[0.0146, 0.0138, 0.0047, 0.022, 0.9168, 0.007, 0.0211]",0.0648,0.9936,0.0173,True,"['face-voice', 'voice-text']",voice,neutral,neutral,How about we all go out to dinner tomorrow night?,Doug,222,9
dia186_utt3,train,joy,0.8581,"[0.0068, 0.0, 0.0007, 0.8581, 0.0338, 0.1005, 0.0]",neutral,0.7965,"[0.0043, 0.0, 0.0, 0.1683, 0.7965, 0.0309, 0.0]",neutral,0.9375,"[0.005, 0.0194, 0.0035, 0.0114, 0.9375, 0.0179, 0.0053]",0.2477,0.0533,0.9804,True,"['face-voice', 'face-text']",text,joy,positive,We could have breakfast in bed,Phoebe,186,3
dia515_utt3,train,neutral,0.9195,"[0.0399, 0.0, 0.0002, 0.0005, 0.9195, 0.0399, 0.0]",anger,0.392,"[0.392, 0.0, 0.0, 0.2125, 0.0269, 0.3686, 0.0]",anger,0.5141,"[0.5141, 0.3626, 0.0227, 0.0059, 0.0567, 0.0314, 0.0065]",0.1034,0.1268,0.589,False,[],face,disgust,negative,"I know, he’s too charming, but if you two start going out, then it’s just gonna make it so much harder for me to hate him.",Monica,515,3
dia74_utt3,dev,sadness,0.8832,"[0.0214, 0.0, 0.0223, 0.0001, 0.073, 0.8832, 0.0]",joy,0.5204,"[0.0003, 0.0, 0.0, 0.5204, 0.0076, 0.4717, 0.0]",surprise,0.3181,"[0.2284, 0.1642, 0.1434, 0.0103, 0.1055, 0.03, 0.3181]",0.6699,0.1033,0.0629,False,[],face,sadness,negative,"I think we do. Why don’t we go inside?  Look uh, I know why you’re here.",Ross,74,3
dia67_utt0,dev,sadness,0.6175,"[0.1258, 0.0005, 0.1971, 0.0126, 0.0463, 0.6175, 0.0003]",joy,0.9579,"[0.0, 0.0, 0.0, 0.9579, 0.0037, 0.0385, 0.0]",neutral,0.5347,"[0.1991, 0.2066, 0.0164, 0.0167, 0.5347, 0.0246, 0.0019]",0.0567,0.1704,0.0324,True,['face-voice'],voice,joy,positive,Hey!,Rachel,67,0
dia158_utt2,train,joy,0.771,"[0.0817, 0.0003, 0.0012, 0.771, 0.1283, 0.0139, 0.0036]",neutral,0.9949,"[0.0046, 0.0, 0.0, 0.0005, 0.9949, 0.0, 0.0]",neutral,0.4575,"[0.073, 0.023, 0.1447, 0.0189, 0.4575, 0.0308, 0.2521]",0.1642,0.1872,0.8346,True,['face-voice'],voice,neutral,neutral,Wanna peek?,Mr. Geller,158,2
dia415_utt8,train,sadness,0.7153,"[0.0, 0.0, 0.2824, 0.0001, 0.0022, 0.7153, 0.0]",joy,0.7349,"[0.0018, 0.0, 0.0, 0.7349, 0.2632, 0.0001, 0.0]",neutral,0.7734,"[0.0491, 0.112, 0.0225, 0.0051, 0.7734, 0.0122, 0.0258]",0.0012,0.0277,0.339,True,"['face-voice', 'face-text', 'voice-text']",text,neutral,neutral,Who would you rather sleep with Monica or Rachel?,Joey,415,8
dia69_utt8,dev,sadness,0.5914,"[0.0921, 0.0184, 0.166, 0.0012, 0.1302, 0.5914, 0.0006]",joy,0.9377,"[0.0, 0.0, 0.0, 0.9377, 0.0524, 0.0099, 0.0]",surprise,0.4761,"[0.2333, 0.0402, 0.0041, 0.0585, 0.1786, 0.0092, 0.4761]",0.0232,0.1451,0.1214,False,[],voice,neutral,neutral,"Ah, what good are you.",Ross,69,8
dia546_utt3,train,joy,0.9648,"[0.0001, 0.0, 0.0017, 0.9648, 0.0148, 0.0185, 0.0]",joy,0.954,"[0.0, 0.0, 0.0, 0.954, 0.0457, 0.0002, 0.0]",fear,0.4857,"[0.0555, 0.1042, 0.4857, 0.0061, 0.1112, 0.1675, 0.0698]",0.9993,0.0219,0.0211,False,[],face,neutral,neutral,May I help you?,Teacher,546,3
dia112_utt3,train,anger,0.9987,"[0.9987, 0.0, 0.0011, 0.0, 0.0, 0.0002, 0.0]",anger,0.6959,"[0.6959, 0.0, 0.0, 0.1688, 0.1168, 0.0185, 0.0]",neutral,0.647,"[0.0387, 0.0304, 0.0151, 0.0088, 0.647, 0.017, 0.243]",0.9589,0.0559,0.2072,True,"['face-text', 'voice-text']",face,anger,negative,"Okay, I will find someplace else to do the rest of my appointments. I just don’t know what the big deal is!",Phoebe,112,3
dia1008_utt8,train,fear,0.3319,"[0.2405, 0.1293, 0.3319, 0.0016, 0.0076, 0.1523, 0.1367]",sadness,0.5217,"[0.0038, 0.0, 0.0, 0.2878, 0.1867, 0.5217, 0.0]",surprise,0.9696,"[0.0114, 0.0056, 0.0021, 0.0022, 0.0071, 0.0019, 0.9696]",0.2767,0.2968,0.0049,False,[],text,surprise,negative,Really?,Rachel,1008,8
dia34_utt12,train,sadness,0.6797,"[0.0833, 0.0005, 0.0222, 0.0016, 0.2115, 0.6797, 0.0013]",anger,0.4933,"[0.4933, 0.0, 0.0, 0.3992, 0.1063, 0.0012, 0.0]",anger,0.4805,"[0.4805, 0.0645, 0.0472, 0.013, 0.3606, 0.0262, 0.008]",0.141,0.3107,0.7187,False,[],face,neutral,neutral,Yeah.,Rachel,34,12
dia9_utt2,train,fear,0.9039,"[0.0023, 0.0, 0.9039, 0.0007, 0.0292, 0.0636, 0.0002]",joy,0.8941,"[0.002, 0.0, 0.0, 0.8941, 0.036, 0.0679, 0.0]",surprise,0.8429,"[0.0071, 0.0057, 0.0023, 0.0137, 0.1225, 0.0058, 0.8429]",0.0074,0.008,0.0223,True,"['face-voice', 'face-text', 'voice-text']",face,neutral,neutral,"Oh, and in case you were wondering, those are my legs on the new James Bond poster.",Jade,9,2
dia102_utt5,test,fear,0.851,"[0.0007, 0.0, 0.851, 0.0, 0.0002, 0.1481, 0.0]",joy,0.9897,"[0.0003, 0.0, 0.0, 0.9897, 0.0046, 0.0054, 0.0]",sadness,0.4651,"[0.0331, 0.0948, 0.0467, 0.0153, 0.1724, 0.4651, 0.1726]",0.0009,0.2343,0.0347,True,['face-voice'],voice,sadness,negative,"Well I’m sorry, I thought you said it was okay.",Phoebe,102,5
dia342_utt8,train,anger,0.9701,"[0.9701, 0.0, 0.0055, 0.0, 0.0002, 0.0231, 0.001]",joy,0.8583,"[0.0977, 0.0, 0.0, 0.8583, 0.0435, 0.0005, 0.0]",disgust,0.3603,"[0.1321, 0.3603, 0.0099, 0.0096, 0.292, 0.1609, 0.0352]",0.113,0.267,0.077,True,['face-voice'],face,neutral,neutral,"Oh come on Ross, I think we’re all losers here.",Chandler,342,8
dia189_utt2,train,sadness,0.5733,"[0.1021, 0.0991, 0.2019, 0.0001, 0.015, 0.5733, 0.0085]",anger,0.9106,"[0.9106, 0.0, 0.0, 0.0799, 0.0079, 0.0016, 0.0]",disgust,0.3103,"[0.2095, 0.3103, 0.007, 0.0023, 0.2693, 0.1738, 0.0278]",0.1647,0.5108,0.4285,False,[],voice,neutral,neutral,Ross couldn't fit down the trash chute.,Rachel,189,2
dia36_utt8,dev,joy,0.6751,"[0.1124, 0.0, 0.0003, 0.6751, 0.1604, 0.0518, 0.0]",neutral,0.9907,"[0.0069, 0.0, 0.0, 0.0024, 0.9907, 0.0, 0.0]",neutral,0.6662,"[0.0194, 0.0098, 0.0032, 0.2108, 0.6662, 0.0107, 0.0799]",0.231,0.5078,0.9476,True,"['face-voice', 'face-text']",voice,neutral,neutral,Okay?,Ross,36,8
dia515_utt6,train,sadness,0.3484,"[0.2285, 0.0005, 0.0535, 0.2933, 0.0754, 0.3484, 0.0004]",joy,0.6573,"[0.0, 0.0, 0.0, 0.6573, 0.1458, 0.1968, 0.0]",surprise,0.6429,"[0.0247, 0.0313, 0.0133, 0.004, 0.27, 0.0138, 0.6429]",0.7498,0.0912,0.0912,True,['voice-text'],voice,neutral,neutral,"I don’t know, Chandler is supposed to be passin’ ‘em around...",Joey,515,6
dia214_utt6,train,neutral,0.4369,"[0.0978, 0.0014, 0.0162, 0.3973, 0.4369, 0.0502, 0.0001]",joy,0.6902,"[0.1411, 0.0, 0.0, 0.6902, 0.0797, 0.0891, 0.0]",surprise,0.8313,"[0.0795, 0.0306, 0.0107, 0.0032, 0.0373, 0.0074, 0.8313]",0.7623,0.0518,0.0285,True,['voice-text'],text,surprise,positive,David!  What-what are you doing here? Aren’t you supposed to be in Russia?,Phoebe,214,6
dia860_utt15,train,neutral,0.6271,"[0.0, 0.0, 0.0327, 0.3398, 0.6271, 0.0004, 0.0]",neutral,0.9922,"[0.0001, 0.0, 0.0, 0.0076, 0.9922, 0.0001, 0.0]",surprise,0.9058,"[0.0078, 0.0271, 0.0145, 0.0036, 0.0079, 0.0333, 0.9058]",0.8819,0.0103,0.0087,True,"['face-text', 'voice-text']",voice,disgust,negative,All right.,Phoebe,860,15
dia69_utt6,train,sadness,0.8236,"[0.0669, 0.0, 0.0183, 0.0006, 0.0906, 0.8236, 0.0]",anger,0.6586,"[0.6586, 0.0, 0.0, 0.3375, 0.0028, 0.001, 0.0]",anger,0.3547,"[0.3547, 0.2775, 0.0218, 0.008, 0.2237, 0.0781, 0.0362]",0.0737,0.2561,0.6271,True,['face-voice'],face,anger,negative,"Ok, you weren't there.",Phoebe,69,6
dia59_utt0,test,sadness,0.9985,"[0.0, 0.0, 0.0015, 0.0, 0.0, 0.9985, 0.0]",neutral,0.5697,"[0.0391, 0.0, 0.0, 0.3891, 0.5697, 0.0021, 0.0]",neutral,0.8519,"[0.0398, 0.056, 0.0025, 0.0235, 0.8519, 0.0071, 0.0192]",0.003,0.0083,0.8394,True,['face-text'],face,neutral,neutral,You got the clothes clean. Now that's the important part.,Ross,59,0
dia464_utt13,train,sadness,0.6698,"[0.0, 0.0, 0.0014, 0.3242, 0.0046, 0.6698, 0.0]",joy,0.9936,"[0.0001, 0.0, 0.0, 0.9936, 0.0001, 0.0063, 0.0]",joy,0.3785,"[0.0599, 0.1062, 0.0132, 0.3785, 0.1275, 0.0694, 0.2453]",0.4413,0.4662,0.7742,True,['face-voice'],voice,neutral,neutral,All our love Monica and Chandler.,Rachel,464,13
dia181_utt4,train,anger,0.3611,"[0.3611, 0.0088, 0.3166, 0.0004, 0.0593, 0.2424, 0.0113]",joy,0.83,"[0.0001, 0.0, 0.0, 0.83, 0.1152, 0.0547, 0.0]",surprise,0.9265,"[0.0178, 0.014, 0.0048, 0.0032, 0.0292, 0.0045, 0.9265]",0.045,0.0425,0.008,True,['voice-text'],text,neutral,neutral,I don’t think so. Hello?  When you get in there,Ross,181,4
dia36_utt5,dev,fear,0.9684,"[0.0289, 0.0, 0.9684, 0.0026, 0.0, 0.0001, 0.0]",joy,0.6974,"[0.2979, 0.0, 0.0, 0.6974, 0.001, 0.0037, 0.0]",disgust,0.2584,"[0.2001, 0.2584, 0.1936, 0.0238, 0.1654, 0.1034, 0.0552]",0.0142,0.4628,0.2347,True,['face-voice'],face,sadness,negative,"Okay. Oh wait, wait-wait, you’re not gonna come with me?",Rachel,36,5
dia836_utt1,train,sadness,0.9996,"[0.0, 0.0, 0.0, 0.0001, 0.0003, 0.9996, 0.0]",neutral,0.9534,"[0.007, 0.0, 0.0, 0.032, 0.9534, 0.0076, 0.0]",neutral,0.7011,"[0.0189, 0.1418, 0.0708, 0.0055, 0.7011, 0.0248, 0.037]",0.0082,0.0348,0.9733,True,"['face-voice', 'face-text']",face,surprise,positive,"Uh-huh, that's why they call it Staten",Ross,836,1
dia923_utt8,train,joy,0.969,"[0.0029, 0.0, 0.0009, 0.969, 0.0036, 0.0235, 0.0]",anger,0.9953,"[0.9953, 0.0, 0.0, 0.0047, 0.0, 0.0, 0.0]",neutral,0.4735,"[0.0114, 0.0102, 0.009, 0.0278, 0.4735, 0.0232, 0.4449]",0.0077,0.0463,0.0177,True,['face-voice'],voice,joy,positive,"Too London? No-no, Rome? Vienna? Ooh-ooh, Barcelona?",Janice,923,8
dia186_utt1,test,fear,0.347,"[0.0989, 0.0163, 0.347, 0.001, 0.2294, 0.2515, 0.0559]",joy,0.7916,"[0.0004, 0.0, 0.0, 0.7916, 0.197, 0.011, 0.0]",disgust,0.2751,"[0.046, 0.2751, 0.0451, 0.0123, 0.2529, 0.2749, 0.0937]",0.1197,0.6582,0.1606,False,[],voice,neutral,neutral,"Uh actually, sorry I can’t even make it. I’m seeing Mona again tonight.",Ross,186,1
dia54_utt14,train,sadness,0.9747,"[0.0004, 0.0, 0.0187, 0.0, 0.0062, 0.9747, 0.0]",anger,0.6106,"[0.6106, 0.0, 0.0, 0.0037, 0.0007, 0.3851, 0.0]",anger,0.7178,"[0.7178, 0.1409, 0.0363, 0.0083, 0.0331, 0.0504, 0.0132]",0.5337,0.0702,0.8627,True,"['face-voice', 'face-text']",face,sadness,negative,"Joey, I can’t stand the thought of having this baby with you mad at me.",Dina,54,14
dia805_utt0,train,sadness,0.7212,"[0.0981, 0.0, 0.1021, 0.0, 0.0785, 0.7212, 0.0001]",joy,0.9948,"[0.0005, 0.0, 0.0, 0.9948, 0.0047, 0.0, 0.0]",neutral,0.6201,"[0.0109, 0.0041, 0.0083, 0.011, 0.6201, 0.0067, 0.3391]",0.0006,0.106,0.0197,True,"['face-voice', 'face-text', 'voice-text']",voice,joy,positive,Hello!,Ross,805,0
dia620_utt0,train,fear,0.7755,"[0.0, 0.0, 0.7755, 0.0, 0.1071, 0.1175, 0.0]",joy,0.7359,"[0.0667, 0.0, 0.0, 0.7359, 0.0522, 0.1453, 0.0]",joy,0.653,"[0.0035, 0.0037, 0.0015, 0.653, 0.3084, 0.0152, 0.0147]",0.0379,0.0629,0.9151,True,"['face-voice', 'face-text']",face,neutral,neutral,"And Tim I just wanna say, good luck here.",Phoebe,620,0
dia983_utt5,train,sadness,0.5155,"[0.0251, 0.0, 0.0183, 0.0, 0.4411, 0.5155, 0.0]",joy,0.9797,"[0.0143, 0.0, 0.0, 0.9797, 0.0046, 0.0014, 0.0]",anger,0.6548,"[0.6548, 0.2138, 0.0491, 0.0245, 0.0379, 0.0132, 0.0068]",0.0047,0.0868,0.0495,True,['voice-text'],voice,anger,negative,"No! No, I’m the minister! Alright, look-look, put ‘em both on the phone, I’ll marry them right now.",Joey,983,5
dia356_utt17,train,sadness,0.9807,"[0.0005, 0.0, 0.0188, 0.0, 0.0, 0.9807, 0.0]",anger,0.9677,"[0.9677, 0.0, 0.0, 0.0313, 0.0001, 0.001, 0.0]",neutral,0.6116,"[0.1261, 0.0301, 0.1519, 0.0102, 0.6116, 0.0579, 0.0122]",0.0015,0.0942,0.1957,True,"['face-voice', 'face-text', 'voice-text']",face,anger,negative,"I needed a plan, a plan to get over my man.",Monica,356,17
dia38_utt0,train,sadness,0.8391,"[0.0, 0.0, 0.1293, 0.0, 0.0316, 0.8391, 0.0]",anger,0.9976,"[0.9976, 0.0, 0.0, 0.002, 0.0003, 0.0001, 0.0]",disgust,0.6072,"[0.1928, 0.6072, 0.0116, 0.0018, 0.0197, 0.0081, 0.1589]",0.0001,0.016,0.2935,True,"['face-voice', 'face-text', 'voice-text']",voice,anger,negative,You kissed another woman!,Monica,38,0
dia832_utt7,train,sadness,0.5955,"[0.2859, 0.0002, 0.1159, 0.0, 0.0006, 0.5955, 0.0018]",neutral,0.5125,"[0.0032, 0.0, 0.0, 0.43, 0.5125, 0.0543, 0.0]",surprise,0.775,"[0.0963, 0.0599, 0.0056, 0.0229, 0.024, 0.0163, 0.775]",0.0746,0.0748,0.0444,False,[],text,neutral,neutral,"Oh, which museum?",Phoebe,832,7
dia637_utt0,train,sadness,0.442,"[0.3175, 0.0, 0.0358, 0.0, 0.2047, 0.442, 0.0]",joy,0.9371,"[0.0031, 0.0, 0.0, 0.9371, 0.0238, 0.036, 0.0]",anger,0.6485,"[0.6485, 0.2017, 0.0044, 0.0027, 0.1022, 0.0281, 0.0125]",0.0398,0.5977,0.0123,True,['voice-text'],voice,joy,positive,You spent a hundred dollars. That’s the limit. You’re screwed!,Joey,637,0
dia915_utt8,train,sadness,0.4493,"[0.3471, 0.0035, 0.0313, 0.0088, 0.156, 0.4493, 0.004]",neutral,0.5358,"[0.1837, 0.0, 0.0, 0.2216, 0.5358, 0.0589, 0.0]",sadness,0.9157,"[0.0038, 0.013, 0.0095, 0.0029, 0.0369, 0.9157, 0.0181]",0.4878,0.7749,0.1339,False,[],text,neutral,neutral,"I'm sorry, I can't tell the baby to wait for them.",Dr. Franzblau,915,8
dia241_utt12,train,sadness,0.994,"[0.0, 0.0, 0.0055, 0.0, 0.0004, 0.994, 0.0]",joy,0.9141,"[0.0013, 0.0, 0.0, 0.9141, 0.0798, 0.0048, 0.0]",anger,0.7254,"[0.7254, 0.0645, 0.0223, 0.0024, 0.0328, 0.0491, 0.1035]",0.0052,0.0666,0.0089,True,"['face-voice', 'face-text', 'voice-text']",face,disgust,negative,That's not what we're gonna do!,Rachel,241,12
dia70_utt1,dev,fear,0.3829,"[0.1799, 0.2388, 0.3829, 0.0321, 0.0857, 0.0195, 0.0612]",joy,0.9729,"[0.0008, 0.0, 0.0, 0.9729, 0.014, 0.0123, 0.0]",disgust,0.517,"[0.2222, 0.517, 0.0076, 0.0128, 0.1901, 0.0226, 0.0276]",0.0677,0.624,0.0269,False,[],voice,neutral,neutral,"See buddy, that's all you need, a bunch of toothless guys hitting each other with sticks.",Chandler,70,1
dia739_utt3,train,neutral,0.5411,"[0.1226, 0.0001, 0.0139, 0.0021, 0.5411, 0.32, 0.0001]",joy,0.8841,"[0.1119, 0.0, 0.0, 0.8841, 0.0039, 0.0, 0.0]",neutral,0.4775,"[0.0087, 0.0043, 0.0157, 0.3018, 0.4775, 0.0067, 0.1852]",0.031,0.6888,0.5088,False,[],voice,joy,positive,"Like-like, hand modeling!",Joey,739,3
dia314_utt11,train,fear,0.434,"[0.1547, 0.0, 0.434, 0.0426, 0.0023, 0.3051, 0.0613]",neutral,0.6066,"[0.0013, 0.0, 0.0, 0.3888, 0.6066, 0.0032, 0.0]",neutral,0.4371,"[0.0514, 0.0303, 0.0055, 0.1689, 0.4371, 0.0236, 0.2832]",0.0477,0.1403,0.8332,False,[],voice,neutral,neutral,"Hey uh, have you guys scene Chandler?",Joey,314,11
dia228_utt9,test,fear,0.7956,"[0.0, 0.0, 0.7956, 0.0, 0.202, 0.0023, 0.0]",anger,0.8806,"[0.8806, 0.0, 0.0, 0.1124, 0.0067, 0.0004, 0.0]",neutral,0.7869,"[0.0419, 0.011, 0.0229, 0.0849, 0.7869, 0.043, 0.0093]",0.0018,0.272,0.0733,True,"['face-voice', 'face-text', 'voice-text']",voice,sadness,negative,I’m gonna give you my weeks notice.,Rachel,228,9
dia64_utt4,test,sadness,0.7147,"[0.1172, 0.0001, 0.0269, 0.0321, 0.0631, 0.7147, 0.0459]",joy,0.9761,"[0.0108, 0.0, 0.0, 0.9761, 0.0131, 0.0, 0.0]",sadness,0.7059,"[0.0286, 0.1059, 0.0227, 0.0147, 0.1135, 0.7059, 0.0088]",0.0469,0.9779,0.0228,True,"['face-voice', 'voice-text']",voice,anger,negative,Yeah!,Chandler,64,4
dia204_utt2,train,fear,0.918,"[0.0194, 0.0003, 0.918, 0.0141, 0.0094, 0.0367, 0.0021]",neutral,0.9124,"[0.0043, 0.0, 0.0, 0.0754, 0.9124, 0.0079, 0.0]",neutral,0.7418,"[0.1204, 0.0994, 0.0044, 0.0147, 0.7418, 0.017, 0.0023]",0.0119,0.0204,0.9773,True,"['face-voice', 'face-text']",face,neutral,neutral,Alright. Let's talk reality for a second.,Joanne,204,2
dia6_utt6,dev,sadness,0.5136,"[0.1009, 0.0093, 0.2361, 0.0003, 0.1369, 0.5136, 0.0029]",joy,0.9354,"[0.0087, 0.0, 0.0, 0.9354, 0.0547, 0.0012, 0.0]",neutral,0.9027,"[0.0304, 0.0321, 0.0061, 0.0146, 0.9027, 0.0112, 0.003]",0.0168,0.2514,0.0748,True,['voice-text'],voice,neutral,neutral,Well you can let me in later.,Phoebe,6,6
dia135_utt5,test,sadness,0.9767,"[0.0106, 0.0, 0.001, 0.0, 0.0116, 0.9767, 0.0]",joy,0.9225,"[0.0365, 0.0, 0.0, 0.9225, 0.0337, 0.0073, 0.0]",neutral,0.875,"[0.0253, 0.0499, 0.0143, 0.0035, 0.875, 0.0111, 0.0209]",0.0087,0.0249,0.0416,True,"['face-voice', 'face-text', 'voice-text']",face,joy,positive,Absolutely!,Rachel,135,5
dia963_utt7,train,anger,0.9096,"[0.9096, 0.0001, 0.0279, 0.0, 0.0161, 0.0463, 0.0]",anger,0.9762,"[0.9762, 0.0, 0.0, 0.0053, 0.0186, 0.0, 0.0]",anger,0.5924,"[0.5924, 0.1101, 0.0114, 0.0027, 0.1827, 0.0977, 0.0029]",0.9982,0.9412,0.9349,False,[],voice,neutral,neutral,You didn’t just break up.,Chandler,963,7
dia65_utt2,dev,joy,0.9425,"[0.0, 0.0, 0.0, 0.9425, 0.0574, 0.0, 0.0]",joy,0.9442,"[0.0381, 0.0, 0.0, 0.9442, 0.0176, 0.0001, 0.0]",joy,0.952,"[0.004, 0.0044, 0.0008, 0.952, 0.0123, 0.0023, 0.0242]",0.9983,0.9985,0.999,False,[],text,joy,positive,Ohh! That’s great!,Rachel,65,2
dia99_utt6,train,neutral,0.9517,"[0.0, 0.0, 0.0462, 0.0, 0.9517, 0.0, 0.002]",joy,0.9466,"[0.0037, 0.0, 0.0, 0.9466, 0.0177, 0.032, 0.0]",neutral,0.6474,"[0.0606, 0.1509, 0.0221, 0.0122, 0.6474, 0.0094, 0.0973]",0.0186,0.9597,0.0368,True,"['face-voice', 'voice-text']",face,neutral,neutral,"Technically we could have sex again. What do you think, bossy and domineering?!",Chandler,99,6
dia791_utt9,train,joy,0.6941,"[0.0531, 0.0015, 0.0171, 0.6941, 0.1517, 0.0735, 0.0089]",joy,0.7298,"[0.0973, 0.0, 0.0, 0.7298, 0.1727, 0.0002, 0.0]",neutral,0.4402,"[0.0225, 0.0243, 0.0374, 0.169, 0.4402, 0.1111, 0.1955]",0.9928,0.5208,0.5079,False,[],voice,sadness,negative,"Ooh, I miss dating.",Rachel,791,9
dia82_utt11,train,joy,0.9757,"[0.0219, 0.0, 0.0004, 0.9757, 0.0014, 0.0004, 0.0002]",neutral,0.5231,"[0.1449, 0.0, 0.0, 0.3229, 0.5231, 0.0091, 0.0]",neutral,0.6435,"[0.0303, 0.0895, 0.018, 0.0433, 0.6435, 0.1673, 0.0081]",0.5175,0.0669,0.8383,True,['face-text'],face,neutral,neutral,"Okay, I think I need to do some shopping.",Phoebe,82,11
dia175_utt14,test,sadness,0.6176,"[0.1474, 0.0014, 0.2103, 0.0084, 0.0148, 0.6176, 0.0001]",anger,0.9765,"[0.9765, 0.0, 0.0, 0.0078, 0.0019, 0.0138, 0.0]",neutral,0.7687,"[0.0453, 0.054, 0.0199, 0.0226, 0.7687, 0.0393, 0.0501]",0.2334,0.0902,0.0613,True,"['face-voice', 'face-text', 'voice-text']",voice,anger,negative,Yes I did! And I put a little,Rachel,175,14
dia983_utt6,train,anger,0.4597,"[0.4597, 0.0001, 0.0362, 0.0, 0.0648, 0.4392, 0.0]",sadness,0.538,"[0.3992, 0.0, 0.0, 0.0425, 0.0203, 0.538, 0.0]",sadness,0.7351,"[0.0166, 0.0538, 0.027, 0.0101, 0.1355, 0.7351, 0.0219]",0.9796,0.7083,0.8042,False,[],text,sadness,negative,"Ugh! Joey, I have to go.",Rachel,983,6
dia295_utt11,train,sadness,0.5654,"[0.2187, 0.0001, 0.1921, 0.0, 0.0237, 0.5654, 0.0001]",joy,0.9178,"[0.0022, 0.0, 0.0, 0.9178, 0.0416, 0.0384, 0.0]",neutral,0.7334,"[0.0229, 0.097, 0.0049, 0.0922, 0.7334, 0.0114, 0.0381]",0.0396,0.0626,0.1683,True,['voice-text'],voice,anger,negative,"Okay, well my girl from the other night was special. She was a scientist too!",Joey,295,11
dia97_utt3,test,sadness,0.5945,"[0.0011, 0.0001, 0.2954, 0.0418, 0.0671, 0.5945, 0.0001]",joy,0.6101,"[0.3275, 0.0, 0.0, 0.6101, 0.0618, 0.0006, 0.0]",neutral,0.6398,"[0.0218, 0.0497, 0.0062, 0.0142, 0.6398, 0.0057, 0.2626]",0.0653,0.1051,0.1147,True,['voice-text'],text,neutral,neutral,"Joey, what's it like on a movie set, huh?",Monica,97,3
dia639_utt9,train,fear,0.5409,"[0.2159, 0.0002, 0.5409, 0.0001, 0.0154, 0.2267, 0.0007]",joy,0.8898,"[0.0083, 0.0, 0.0, 0.8898, 0.0501, 0.0518, 0.0]",surprise,0.9122,"[0.0363, 0.0042, 0.0032, 0.0267, 0.0129, 0.0046, 0.9122]",0.0258,0.02,0.0306,True,['voice-text'],text,surprise,positive,"Phoebs, It's open! It's open!",Ross,639,9
dia232_utt3,test,joy,1.0,"[0.0, 0.0, 0.0, 1.0, 0.0, 0.0, 0.0]",joy,0.7391,"[0.0165, 0.0, 0.0, 0.7391, 0.2435, 0.0009, 0.0]",neutral,0.6157,"[0.007, 0.0587, 0.2611, 0.0044, 0.6157, 0.0159, 0.0371]",0.9496,0.0066,0.2928,True,"['face-text', 'voice-text']",face,neutral,neutral,"Ohh, he's really shy. I-I don’t think he's up to meeting everyone yet.",Monica,232,3
dia923_utt4,train,anger,0.7264,"[0.7264, 0.0002, 0.0007, 0.1117, 0.0048, 0.1563, 0.0]",joy,0.5799,"[0.3703, 0.0, 0.0, 0.5799, 0.0484, 0.0014, 0.0]",sadness,0.3938,"[0.0148, 0.0206, 0.0094, 0.0806, 0.3897, 0.3938, 0.091]",0.6448,0.1949,0.1829,False,[],face,sadness,negative,"Oh, too soon, too schmoon. Face it honey, I am not letting you get away this time.",Janice,923,4
dia207_utt1,test,fear,0.8416,"[0.0, 0.0, 0.8416, 0.0, 0.04, 0.1184, 0.0]",sadness,0.5834,"[0.0001, 0.0, 0.0, 0.4102, 0.0063, 0.5834, 0.0]",surprise,0.8422,"[0.0462, 0.0763, 0.0083, 0.0025, 0.0175, 0.0069, 0.8422]",0.1142,0.0118,0.0085,True,['face-text'],text,sadness,negative,"What. Oh no, you just rolled over the juice box.",Ross,207,1
dia671_utt13,train,anger,0.5296,"[0.5296, 0.0, 0.1948, 0.0, 0.0021, 0.2736, 0.0]",neutral,0.6356,"[0.1237, 0.0, 0.0, 0.2298, 0.6356, 0.0108, 0.0]",neutral,0.8487,"[0.0418, 0.0674, 0.0096, 0.0169, 0.8487, 0.0137, 0.002]",0.162,0.0552,0.9363,False,[],text,neutral,neutral,Ok! So let's move on to the Renaissance?,Ross,671,13
dia91_utt6,dev,fear,0.664,"[0.0014, 0.0, 0.664, 0.0056, 0.1417, 0.1872, 0.0001]",anger,0.7173,"[0.7173, 0.0, 0.0, 0.052, 0.0044, 0.2263, 0.0]",anger,0.6598,"[0.6598, 0.2363, 0.0131, 0.0026, 0.0682, 0.0153, 0.0047]",0.0834,0.0447,0.8984,True,"['face-voice', 'face-text']",voice,disgust,negative,"Ok, would people stop drinking the breast milk?",Ross,91,6
dia173_utt3,test,sadness,0.7631,"[0.1751, 0.0023, 0.0513, 0.0005, 0.0076, 0.7631, 0.0]",anger,0.9133,"[0.9133, 0.0, 0.0, 0.0302, 0.0565, 0.0, 0.0]",neutral,0.913,"[0.023, 0.0208, 0.0016, 0.0088, 0.913, 0.0052, 0.0276]",0.2232,0.0211,0.0871,True,"['face-voice', 'face-text', 'voice-text']",voice,neutral,neutral,"Uh Phoebe, what she makes—that’s uh—they’re sock rabbits.",Monica,173,3
dia550_utt0,train,neutral,0.8897,"[0.0048, 0.0, 0.0059, 0.0881, 0.8897, 0.0046, 0.0069]",anger,0.9412,"[0.9412, 0.0, 0.0, 0.0563, 0.0025, 0.0, 0.0]",neutral,0.8646,"[0.0192, 0.0107, 0.0053, 0.0061, 0.8646, 0.0119, 0.0823]",0.0138,0.9918,0.0251,True,"['face-voice', 'voice-text']",voice,neutral,neutral,Hey! How’s it goin’?,Monica,550,0
dia604_utt7,train,sadness,0.3426,"[0.2633, 0.0002, 0.0028, 0.1205, 0.2585, 0.3426, 0.012]",anger,0.5495,"[0.5495, 0.0, 0.0, 0.2535, 0.1292, 0.0678, 0.0]",neutral,0.8252,"[0.0505, 0.034, 0.0445, 0.0236, 0.8252, 0.0125, 0.0098]",0.7192,0.5449,0.2735,False,[],text,neutral,neutral,"So you told her there was somebody else so she would agree to work with you, so ‘cause you figure oh if you spent a lot of time together, maybe something might happen, and...",Phoebe,604,7
dia54_utt6,train,fear,0.9077,"[0.0071, 0.0, 0.9077, 0.0191, 0.001, 0.0308, 0.0343]",anger,0.482,"[0.482, 0.0, 0.0, 0.4698, 0.0482, 0.0, 0.0]",neutral,0.8386,"[0.0501, 0.0227, 0.008, 0.0238, 0.8386, 0.0073, 0.0496]",0.0203,0.0141,0.1332,True,['face-text'],face,joy,positive,"You bet I am!  And to answer your earlier question, we’re straight-up gangster rap.",Bobby,54,6
dia250_utt5,train,fear,0.5629,"[0.0, 0.0, 0.5629, 0.0, 0.4369, 0.0, 0.0001]",joy,0.998,"[0.0001, 0.0, 0.0, 0.998, 0.0019, 0.0, 0.0]",neutral,0.7676,"[0.0071, 0.0035, 0.0037, 0.086, 0.7676, 0.0173, 0.1148]",0.0012,0.6063,0.112,True,['voice-text'],voice,neutral,neutral,Hi.,Monica,250,5
dia177_utt8,train,sadness,0.8584,"[0.0002, 0.0, 0.141, 0.0, 0.0005, 0.8584, 0.0]",anger,0.9999,"[0.9999, 0.0, 0.0, 0.0001, 0.0, 0.0001, 0.0]",neutral,0.5316,"[0.0239, 0.0633, 0.0297, 0.0029, 0.5316, 0.3291, 0.0195]",0.0003,0.5237,0.038,True,['face-voice'],voice,sadness,negative,"Oh, it’s just not the right time.",Rachel,177,8
dia503_utt3,train,anger,0.6397,"[0.6397, 0.0048, 0.0792, 0.0011, 0.0576, 0.2153, 0.0023]",joy,0.7338,"[0.0931, 0.0, 0.0, 0.7338, 0.1625, 0.0105, 0.0]",joy,0.919,"[0.0077, 0.0102, 0.0013, 0.919, 0.0216, 0.0369, 0.0033]",0.1394,0.0244,0.9743,True,"['face-voice', 'face-text']",text,joy,positive,Yes! I love you! I've never loved anybody as much as I love you.,Chandler,503,3
dia572_utt0,train,sadness,0.8183,"[0.0597, 0.0011, 0.0367, 0.0007, 0.0835, 0.8183, 0.0001]",neutral,0.5357,"[0.0441, 0.0, 0.0, 0.0566, 0.5357, 0.3636, 0.0]",neutral,0.9078,"[0.0095, 0.0344, 0.0023, 0.0033, 0.9078, 0.0048, 0.0379]",0.6415,0.1071,0.825,True,['face-text'],text,sadness,negative,"Well they have uh, some unusual pet names for each other.",Rachel,572,0
dia616_utt0,train,anger,0.6905,"[0.6905, 0.0078, 0.0171, 0.0881, 0.1236, 0.071, 0.002]",joy,0.6036,"[0.0004, 0.0, 0.0, 0.6036, 0.2057, 0.1903, 0.0]",sadness,0.9369,"[0.0014, 0.0056, 0.0033, 0.0025, 0.0329, 0.9369, 0.0174]",0.1953,0.1079,0.2991,True,"['face-voice', 'face-text', 'voice-text']",text,sadness,negative,Awww! Mel Torme died.,Joey,616,0
dia900_utt12,train,sadness,0.6228,"[0.192, 0.0088, 0.0636, 0.0009, 0.1116, 0.6228, 0.0003]",joy,0.9372,"[0.0, 0.0, 0.0, 0.9372, 0.0322, 0.0307, 0.0]",anger,0.3221,"[0.3221, 0.3031, 0.1252, 0.0079, 0.1845, 0.0316, 0.0256]",0.0377,0.3414,0.0307,True,['face-voice'],voice,surprise,positive,"Not him, you don’t!",Phoebe,900,12
dia74_utt19,dev,sadness,1.0,"[0.0, 0.0, 0.0, 0.0, 0.0, 1.0, 0.0]",neutral,0.8088,"[0.0017, 0.0, 0.0, 0.1262, 0.8088, 0.0632, 0.0]",neutral,0.6294,"[0.0336, 0.125, 0.0163, 0.0818, 0.6294, 0.0925, 0.0214]",0.0769,0.1413,0.977,True,"['face-voice', 'face-text']",face,anger,negative,"I’m pregnant.  Ross?  Ross?  Okay, whenever you’re ready.  And you’re the father by the way—but you got that",Rachel,74,19
dia305_utt5,train,anger,0.5436,"[0.5436, 0.0737, 0.0344, 0.0011, 0.0818, 0.2492, 0.0161]",neutral,0.9217,"[0.0001, 0.0, 0.0, 0.0686, 0.9217, 0.0096, 0.0]",sadness,0.8017,"[0.0699, 0.0468, 0.0155, 0.0033, 0.0536, 0.8017, 0.0092]",0.1383,0.5002,0.0768,True,['voice-text'],voice,joy,positive,"Okay, that hurt us.",Chandler,305,5
dia336_utt19,train,neutral,0.8321,"[0.0802, 0.0, 0.0004, 0.0, 0.8321, 0.0872, 0.0]",sadness,0.9412,"[0.0053, 0.0, 0.0, 0.0414, 0.0121, 0.9412, 0.0]",anger,0.7945,"[0.7945, 0.0809, 0.0234, 0.0014, 0.0886, 0.0082, 0.003]",0.1169,0.2045,0.0173,True,"['face-voice', 'face-text', 'voice-text']",voice,neutral,neutral,"Okay, stop what you’re doing, I need envelope stuffers, I need stamp lickers.....",Rachel,336,19
